Month,Charli D'Amelio web,Charli D'Amelio yt,Charli D'Amelio image,Charli D'Amelio news,Charli D'Amelio Total,Jules LeBlanc web,Jules LeBlanc yt,Jules LeBlanc image,Jules LeBlanc news,Jules Leblanc total,Addison Rae web,Addison Rae yt,Addison Rae image,Addison Rae news,Addison Rae Total,Ariana Grande web,Ariana Grande yt,Ariana Grande image,Ariana Grande news,Ariana Grande Total,Justin Bieber web,Justin Bieber yt,Justin Bieber image,Justin Bieber news,Justin Bieber Total,Piper Rockelle web,Piper Rockelle yt,Piper Rockelle image,Piper Rockelle news,Piper Rockelle Total,Jacob Sartorius web,Jacob Sartorius yt,Jacob Sartorius image,Jacob Sartorius news,Jacob Satorious Total,Dixie D'Amelio web,Dixie D'Amelio yt,Dixie D'Amelio image,Dixie D'Amelio news,Dixie D'Amelio Total,Lil Huddy web,Lil Huddy yt,Lil Huddy image,Lil Huddy news,Lil Huddy Total,JoJo Siwa web,JoJo Siwa yt,JoJo Siwa image,JoJo Siwa news,JoJo Siwa Total,Maddie Ziegler web,Maddie Ziegler yt,Maddie Ziegler image,Maddie Ziegler news,Maddie Ziegler Total,Mackenzie Ziegler web,Mackenzie Ziegler yt,Mackenzie Ziegler image,Mackenzie Ziegler news,Mickenzie Ziegler Total,James Charles web,James Charles yt,James Charles image,James Charles news,James Charles Total,PewDiePie web,PewDiePie yt,PewDiePie image,PewDiePie news,PewDiePie Total,Loren Gray web,Loren Gray yt,Loren Gray image,Loren Gray news,Loren Grey Total,Millie Bobby Brown web,Millie Bobby Brown yt,Millie Bobby Brown image,Millie Bobby Brown news,Millie Bobby Brown Total,Billie Eilish web,Billie Eilish yt,Billie Eilish image,Billie Eilish news,Billie Eilish total,Kylie Jenner web,Kylie Jenner yt,Kylie Jenner image,Kylie Jenner news,Kylie Jenner Total,Selena Gomez web,Selena Gomez yt,Selena Gomez image,Selena Gomez news,Selena Gomez Total,Taylor Swift web,Taylor Swift yt,Taylor Swift image,Taylor Swift news,Taylor Swift Total,Kim Kardashian web,Kim Kardashian yt,Kim Kardashian image,Kim Kardashian news,Kim Kardashian total,Cardi B web,Cardi B yt,Cardi B image,Cardi B news,Cardi B Total,Shawn Mendes web,Shawn Mendes yt,Shawn Mendes image,Shawn Mendes news,Shawn Mendes Total,Bryce Hall web,Bryce Hall yt,Bryce Hall image,Bryce Hall news,Bryce Hall Total,XXXTENTACION web,XXXTENTACION yt,XXXTENTACION image,XXXTENTACION news,XXXTENTACION Total,Avani Gregg web,Avani Gregg yt,Avani Gregg image,Avani Gregg news,Avani Gregg Total,Olivia Rodrigo web,Olivia Rodrigo yt,Olivia Rodrigo image,Olivia Rodrigo news,Olicia Rodrigo Total,Tom Holland web,Tom Holland yt,Tom Holland image,Tom Holland news,Tom Holland Total,Donald Trump web,Donald Trump yt,Donald Trump image,Donald Trump news,Donald Trump Total,Baby Ariel web,Baby Ariel yt,Baby Ariel image,Baby Ariel news,Baby Ariel Total,Nicki Minaj web,Nicki Minaj yt,Nicki Minaj image,Nicki Minaj news,Nicki Minaj Total,Josh Richardson web,Josh Richardson yt,Josh Richardson image,Josh Richardson news,Josh Riochard Total,Beyonce web,Beyonce yt,Beyonce image,Beyonce news,Beyonce Total,Michael Jackson web,Michael Jackson yt,Michael Jackson image,Michael Jackson news,Michael Jackson Total,Cash Baker web,Cash Baker yt,Cash Baker image,Cash Baker news,Cash Baker Total,Noah Beck web,Noah Beck yt,Noah Beck image,Noah Beck news,Noah Beck Total,Tony Lopez web,Tony Lopez yt,Tony Lopez image,Tony Lopez news,Tony Lopez Total,Jake Paul web,Jake Paul yt,Jake Paul image,Jake Paul news,Jake Paul Total,Brent Rivera web,Brent Rivera yt,Brent Rivera image,Brent Rivera news,Brent Rivera Total,David Dobrik web,David Dobrik yt,David Dobrik image,David Dobrik news,David Dobrik Total,Coco Quinn web,Coco Quinn yt,Coco Quinn image,Coco Quinn news,Coco Quinn Total,Kobe Bryant web,Kobe Bryant yt,Kobe Bryant image,Kobe Bryant news,Kobe Bryant Total,Hayley LeBlanc web,Hayley LeBlanc yt,Hayley LeBlanc image,Hayley LeBlanc news,Hayley LeBlanc Total,Gavin Magnus web,Gavin Magnus yt,Gavin Magnus image,Gavin Magnus news,Gavin Magnus Total,Txunamy web,Txunamy yt,Txunamy image,Txunamy news,Txunamy Total,Zendaya web,Zendaya yt,Zendaya image,Zendaya news,Zendaya Total,Emma Chamberlain web,Emma Chamberlain yt,Emma Chamberlain image,Emma Chamberlain news,Emma Chamberlain Total,Cole Sprouse web,Cole Sprouse yt,Cole Sprouse image,Cole Sprouse news,Cole Sprouse Total,Joe Biden web,Joe Biden yt,Joe Biden image,Joe Biden news,Joe Biden Total
2016-01,5,5,3,1,3.5,8,3,3,7,5.25,1,<1,<1,0,0.5,39,76,100,40,63.75,100,100,100,97,99.25,10,1,5,0,4,20,5,27,22,18.5,2,<1,<1,3,2.5,0,0,0,0,0,4,7,6,0,4.25,89,80,87,63,79.75,58,38,66,58,55,<1,<1,<1,0,0,33,49,55,7,36,16,12,14,19,15.25,<1,<1,<1,<1,0,<1,<1,<1,0,0,41,27,75,67,52.5,94,100,100,87,95.25,59,100,86,24,67.25,56,73,48,20,49.25,4,1,4,2,2.75,46,100,51,36,58.25,1,<1,2,0,1,<1,<1,<1,<1,0,2,1,1,6,2.5,<1,<1,1,1,1,2,1,2,5,2.5,10,16,10,25,15.25,33,21,41,72,41.75,68,100,100,53,80.25,3,13,11,8,8.75,30,54,56,43,45.75,41,96,56,36,57.25,0,0,0,0,0,<1,0,0,0,0,1,2,1,0,1,1,<1,6,<1,3.5,18,6,29,5,14.5,1,2,1,<1,1.333333333,0,0,0,0,0,2,7,3,2,3.5,12,0,0,0,3,<1,0,0,0,0,2,0,1,0,0.75,13,46,23,15,24.25,0,0,<1,0,0,9,4,26,3,10.5,<1,1,1,1,1
2016-02,4,5,2,1,3,9,3,7,0,4.75,1,0,<1,0,0.333333333,32,62,83,25,50.5,84,83,86,86,84.75,7,<1,4,0,3.666666667,39,13,52,44,37,2,<1,1,0,1,0,0,0,0,0,3,8,8,0,4.75,81,76,81,47,71.25,48,31,54,48,45.25,<1,<1,<1,0,0,32,49,50,5,34,23,20,23,9,18.75,<1,<1,<1,1,1,<1,<1,<1,0,0,42,24,66,55,46.75,85,87,90,66,82,80,85,96,30,72.75,61,71,44,23,49.75,3,1,3,1,2,43,96,45,25,52.25,1,1,2,1,1.25,<1,<1,<1,<1,0,2,<1,1,3,2,<1,<1,1,<1,1,2,1,2,3,2,17,20,16,32,21.25,43,23,41,11,29.5,56,89,86,44,68.75,5,13,6,5,7.25,100,100,100,96,99,44,100,57,22,55.75,0,0,0,0,0,<1,0,<1,0,0,1,0,1,0,0.5,1,<1,6,1,2.666666667,15,6,26,9,14,1,4,3,0,2,0,0,0,0,0,2,10,4,2,4.5,6,0,0,0,1.5,<1,0,0,0,0,2,0,1,16,4.75,19,69,27,14,32.25,<1,0,<1,0,0,11,6,26,3,11.5,1,1,1,1,1
2016-03,4,4,2,0,2.5,7,5,8,6,6.5,<1,<1,<1,1,1,45,85,92,40,65.5,79,67,81,77,76,7,1,3,0,2.75,42,18,61,33,38.5,2,<1,1,0,1,0,1,<1,0,0.333333333,4,6,7,3,5,97,78,74,98,86.75,54,31,62,32,44.75,<1,<1,<1,0,0,30,42,47,4,30.75,30,20,30,11,22.75,<1,<1,<1,1,1,<1,<1,<1,0,0,41,24,68,44,44.25,79,67,84,63,73.25,54,64,74,18,52.5,100,73,100,34,76.75,6,2,5,2,3.75,31,75,37,23,41.5,1,1,3,0,1.25,<1,<1,<1,<1,0,2,<1,1,0,1,<1,<1,1,1,1,9,3,10,7,7.25,29,34,27,47,34.25,41,28,42,39,37.5,52,77,81,39,62.25,21,100,19,18,39.5,34,55,58,44,47.75,38,95,54,21,52,0,0,0,0,0,<1,0,<1,0,0,<1,0,1,0,0.333333333,1,<1,5,1,2.333333333,15,6,30,12,15.75,2,5,4,0,2.75,0,0,6,0,1.5,2,7,3,1,3.25,6,0,0,0,1.5,0,0,0,0,0,3,0,3,0,1.5,15,57,23,14,27.25,<1,0,0,0,0,11,7,25,4,11.75,1,1,1,1,1
2016-04,4,4,1,1,2.5,9,4,9,0,5.5,<1,0,<1,0,0,41,81,90,34,61.5,70,51,73,77,67.75,6,<1,4,9,6.333333333,58,26,81,22,46.75,2,<1,1,0,1,<1,0,0,0,0,3,7,6,0,4,100,92,99,79,92.5,67,41,68,67,60.75,<1,<1,<1,0,0,34,48,54,7,35.75,47,33,47,28,38.75,<1,<1,<1,0,0,<1,<1,<1,<1,#DIV/0!,50,36,90,54,57.5,77,63,84,73,74.25,56,72,80,23,57.75,56,76,50,20,50.5,4,2,4,2,3,27,62,34,23,36.5,1,<1,2,1,1.333333333,<1,<1,<1,<1,0,2,<1,1,0,1,<1,<1,<1,<1,#DIV/0!,5,4,7,6,5.5,14,21,17,35,21.75,87,53,66,60,66.5,52,77,80,41,62.5,18,93,18,32,40.25,89,79,79,100,86.75,45,100,64,26,58.75,0,0,0,0,0,<1,0,0,0,0,3,0,0,0,0.75,1,<1,6,<1,3.5,16,7,29,5,14.25,1,6,4,0,2.75,0,0,0,0,0,7,26,11,7,12.75,6,0,0,0,1.5,0,0,0,0,0,5,0,4,17,6.5,14,44,22,15,23.75,<1,0,0,0,0,9,6,21,3,9.75,<1,1,1,1,1
2016-05,3,4,1,1,2.25,11,5,11,7,8.5,1,0,<1,0,0.333333333,50,90,94,38,68,66,47,70,79,65.5,9,<1,3,0,4,97,76,96,73,85.5,2,<1,<1,0,1,<1,0,0,0,0,9,27,10,0,11.5,100,100,86,86,93,70,44,61,53,57,<1,<1,<1,<1,0,38,56,57,8,39.75,46,43,53,22,41,<1,<1,<1,0,0,<1,<1,<1,<1,#DIV/0!,53,28,84,82,61.75,85,60,83,73,75.25,46,59,70,18,48.25,54,65,46,22,46.75,3,2,3,1,2.25,24,50,30,20,31,1,<1,2,0,1,<1,<1,<1,<1,0,2,<1,1,5,2.666666667,<1,<1,1,<1,1,7,6,10,7,7.5,16,21,17,35,22.25,95,58,91,70,78.5,49,71,73,39,58,14,20,23,13,17.5,67,78,77,68,72.5,40,95,56,21,53,0,0,0,0,0,<1,0,<1,0,0,3,2,1,0,1.5,1,<1,6,<1,3.5,16,7,24,9,14,1,6,3,0,2.5,0,0,0,0,0,2,6,4,1,3.25,6,0,0,0,1.5,0,0,0,0,0,5,1,6,0,3,12,37,21,12,20.5,<1,0,0,0,0,8,6,18,5,9.25,1,1,1,1,1
2016-06,3,3,1,0,1.75,14,8,12,0,8.5,1,0,<1,0,0.333333333,41,86,90,27,61,61,44,62,72,59.75,11,1,3,0,3.75,100,94,100,85,94.75,2,<1,1,3,2,<1,0,0,0,0,13,38,13,11,18.75,80,90,91,60,80.25,63,41,59,51,53.5,<1,<1,<1,0,0,41,61,57,9,42,48,38,55,56,49.25,<1,<1,<1,1,1,<1,<1,<1,<1,#DIV/0!,47,28,83,56,53.5,89,84,85,68,81.5,83,57,100,63,75.75,53,62,48,17,45,2,1,3,1,1.75,28,57,31,25,35.25,1,<1,1,0,0.666666667,<1,<1,<1,<1,0,3,1,1,3,2,1,<1,1,<1,1,2,2,4,4,3,16,19,14,37,21.5,94,56,100,67,79.25,46,62,72,36,54,4,16,8,10,9.5,46,64,58,45,53.25,49,90,59,49,61.75,0,0,0,0,0,0,0,0,0,0,3,0,1,0,1,1,<1,5,0,2,20,8,27,9,16,1,8,4,0,3.25,0,0,0,0,0,2,7,3,1,3.25,0,0,0,0,0,0,0,0,0,0,11,1,7,0,4.75,11,31,20,11,18.25,<1,0,0,0,0,15,12,36,5,17,<1,1,<1,1,1
2016-07,3,4,1,0,2,20,14,18,0,13,1,0,<1,0,0.333333333,35,71,79,29,53.5,57,41,62,66,56.5,8,<1,4,0,4,99,100,97,34,82.5,2,<1,1,0,1,<1,1,0,0,0.333333333,12,31,17,4,16,94,74,100,66,83.5,77,51,76,55,64.75,<1,<1,0,<1,0,40,63,58,8,42.25,49,38,56,33,44,14,2,11,10,9.25,<1,<1,<1,0,0,52,33,88,48,55.25,94,78,94,68,83.5,100,56,91,100,86.75,66,83,52,22,55.75,2,1,2,1,1.5,39,73,41,26,44.75,1,<1,1,1,1,<1,<1,<1,<1,0,2,<1,1,3,2,1,<1,1,<1,1,2,2,3,3,2.5,24,20,18,37,24.75,100,55,99,54,77,48,62,76,33,54.75,8,32,18,2,15,43,60,60,42,51.25,37,90,51,25,50.75,0,0,0,0,0,<1,0,0,0,0,1,0,1,0,0.5,1,<1,5,<1,3,16,7,22,8,13.25,2,9,5,0,4,0,0,0,0,0,2,6,3,1,3,13,0,0,0,3.25,0,0,0,0,0,21,1,24,0,11.5,14,33,21,14,20.5,<1,0,0,0,0,12,11,29,3,13.75,1,3,1,1,1.5
2016-08,3,4,1,1,2.25,20,9,17,0,11.5,1,<1,<1,0,0.5,36,74,77,31,54.5,75,48,88,100,77.75,7,<1,3,0,3.333333333,88,95,88,75,86.5,1,<1,1,0,0.666666667,<1,0,0,0,0,12,31,15,0,14.5,81,81,79,66,76.75,68,44,69,31,53,<1,<1,<1,0,0,30,50,45,6,32.75,51,38,56,24,42.25,15,8,12,9,11,<1,<1,<1,0,0,55,32,100,51,59.5,86,70,85,71,78,48,47,60,30,46.25,56,70,53,20,49.75,2,1,2,1,1.5,41,77,42,26,46.5,1,<1,1,0,0.666666667,<1,<1,<1,<1,0,2,<1,1,0,1,<1,<1,1,0,0.5,2,2,2,2,2,23,22,16,54,28.75,81,42,80,83,71.5,46,61,72,34,53.25,3,18,5,5,7.75,39,55,55,42,47.75,37,84,46,20,46.75,0,0,0,0,0,<1,0,<1,0,0,1,0,1,0,0.5,1,<1,6,1,2.666666667,15,5,21,16,14.25,3,14,9,<1,8.666666667,0,0,0,0,0,1,6,3,1,2.75,13,10,9,0,8,<1,0,0,0,0,30,3,14,0,11.75,17,38,22,16,23.25,<1,0,0,0,0,10,10,24,4,12,<1,2,1,1,1.333333333
2016-09,3,3,2,1,2.25,11,8,9,7,8.75,1,<1,<1,1,1,42,100,85,29,64,59,47,55,67,57,5,<1,3,0,2.666666667,60,65,81,35,60.25,2,<1,<1,0,1,<1,0,0,0,0,8,30,13,0,12.75,92,85,87,91,88.75,52,40,54,35,45.25,<1,<1,<1,0,0,29,43,45,8,31.25,53,33,49,26,40.25,20,27,10,17,18.5,<1,<1,<1,<1,#DIV/0!,40,24,80,40,46,72,58,68,68,66.5,45,44,56,35,45,56,66,52,22,49,2,1,2,<1,1.666666667,57,85,50,36,57,1,<1,1,0,0.666666667,<1,<1,<1,<1,0,2,<1,1,0,1,<1,<1,1,<1,1,2,2,2,2,2,25,27,19,45,29,55,36,59,44,48.5,55,71,75,38,59.75,4,10,12,0,6.5,39,56,56,35,46.5,36,88,47,21,48,0,0,0,0,0,<1,0,<1,0,0,2,2,0,0,1,1,<1,5,1,2.333333333,14,6,16,4,10,3,18,8,0,7.25,0,0,0,0,0,1,5,3,<1,3,0,0,0,0,0,<1,0,0,0,0,11,2,10,0,5.75,11,30,17,15,18.25,<1,0,0,0,0,6,6,15,2,7.25,1,1,<1,1,1
2016-10,3,4,1,0,2,10,8,13,6,9.25,1,<1,<1,0,0.5,37,84,72,23,54,55,43,50,61,52.25,7,<1,3,0,3.333333333,63,67,64,47,60.25,2,<1,<1,0,1,<1,<1,0,0,0,13,35,16,3,16.75,80,71,86,50,71.75,47,35,54,28,41,1,<1,1,<1,1,39,42,58,6,36.25,36,31,41,16,31,7,8,6,12,8.25,<1,<1,<1,0,0,41,22,85,41,47.25,58,49,60,59,56.5,37,41,45,22,36.25,97,100,49,100,86.5,2,1,2,1,1.5,52,85,57,44,59.5,1,1,2,1,1.25,<1,1,<1,<1,1,2,1,1,0,1,<1,<1,1,<1,1,1,1,2,2,1.5,47,53,33,79,53,75,45,64,74,64.5,48,64,68,40,55,6,23,7,12,12,33,49,45,33,40,36,91,48,20,48.75,0,0,0,0,0,<1,0,0,0,0,1,2,0,0,0.75,1,1,5,<1,2.333333333,13,5,16,4,9.5,3,21,10,1,8.75,0,0,0,0,0,1,5,2,<1,2.666666667,19,0,17,0,9,0,<1,0,0,0,11,2,7,0,5,7,25,14,9,13.75,<1,0,0,0,0,6,6,13,2,6.75,1,2,1,1,1.25
2016-11,3,4,1,0,2,17,11,18,0,11.5,1,<1,<1,0,0.5,37,83,74,29,55.75,53,41,52,69,53.75,8,1,3,0,3,49,48,65,54,54,2,<1,<1,0,1,<1,0,0,0,0,20,59,23,7,27.25,68,62,76,65,67.75,59,49,59,40,51.75,<1,<1,1,<1,1,23,34,41,5,25.75,47,35,53,37,43,5,8,5,5,5.75,<1,<1,<1,0,0,46,23,94,46,52.25,63,46,57,69,58.75,40,40,46,24,37.5,46,55,36,22,39.75,2,1,2,1,1.5,49,81,60,43,58.25,1,<1,2,0,1,<1,1,<1,<1,1,2,<1,1,0,1,1,<1,1,0,0.666666667,1,1,2,3,1.75,100,100,100,100,100,72,36,67,74,62.25,44,63,64,31,50.5,10,16,9,7,10.5,33,45,44,43,41.25,33,88,44,19,46,0,0,0,0,0,<1,0,<1,0,0,1,0,1,0,0.5,2,1,6,<1,3,11,5,14,8,9.5,4,25,13,1,10.75,0,0,0,0,0,1,5,2,<1,2.666666667,31,0,8,0,9.75,<1,0,0,0,0,12,3,6,0,5.25,9,25,14,9,14.25,<1,0,0,0,0,6,5,13,2,6.5,4,5,10,1,5
2016-12,2,4,1,1,2,24,10,17,0,12.75,1,0,<1,0,0.333333333,39,83,80,31,58.25,53,39,53,57,50.5,5,<1,2,0,2.333333333,57,48,70,50,56.25,1,0,<1,0,0.333333333,<1,0,<1,0,0,22,67,31,15,33.75,67,77,80,84,77,60,46,65,24,48.75,<1,<1,1,<1,1,57,71,53,25,51.5,38,33,50,21,35.5,5,5,4,6,5,<1,<1,<1,<1,#DIV/0!,49,23,96,49,54.25,55,39,60,62,54,40,44,47,21,38,47,51,36,26,40,3,1,3,1,2,51,73,70,47,60.25,1,1,3,1,1.5,<1,1,1,<1,1,3,<1,1,0,1.333333333,1,<1,1,<1,1,3,4,5,3,3.75,24,27,23,51,31.25,67,32,66,100,66.25,48,60,68,40,54,6,6,7,12,7.75,24,42,41,31,34.5,35,80,46,21,45.5,0,0,0,0,0,<1,0,<1,0,0,1,2,0,0,0.75,2,2,8,<1,4,11,5,19,4,9.75,5,31,14,1,12.75,0,0,0,0,0,1,5,3,<1,3,37,0,0,0,9.25,0,<1,0,0,0,8,4,7,0,4.75,9,25,16,11,15.25,0,<1,0,0,0,8,4,15,2,7.25,1,1,2,1,1.25
2017-01,2,3,1,0,1.5,19,11,14,0,11,1,<1,<1,0,0.5,35,66,75,29,51.25,45,30,48,61,46,6,1,2,0,2.25,60,55,77,100,73,2,<1,1,0,1,1,0,0,0,0.25,24,68,33,14,34.75,86,81,95,79,85.25,67,61,78,39,61.25,<1,<1,1,<1,1,33,50,55,14,38,33,26,48,16,30.75,9,10,7,10,9,<1,<1,<1,<1,#DIV/0!,39,20,88,42,47.25,72,41,71,79,65.75,34,47,44,19,36,45,55,36,32,42,3,1,4,2,2.5,45,70,65,37,54.25,1,1,4,1,1.75,1,4,2,<1,2.333333333,3,1,1,0,1.25,1,<1,1,<1,1,2,2,3,3,2.5,67,59,58,94,69.5,68,35,81,52,59,45,59,59,37,50,5,6,7,5,5.75,22,42,42,29,33.75,38,82,52,36,52,0,0,0,0,0,<1,0,<1,0,0,1,5,0,0,1.5,3,3,10,2,4.5,13,5,19,12,12.25,7,37,21,1,16.5,0,0,0,0,0,1,5,2,<1,2.666666667,29,10,17,0,14,<1,0,0,0,0,9,6,9,0,6,8,23,15,9,13.75,<1,0,0,0,0,12,9,21,3,11.25,3,9,4,2,4.5
2017-02,2,3,1,1,1.75,18,13,26,0,14.25,1,<1,<1,0,0.5,33,71,66,26,49,43,27,44,55,42.25,6,1,2,0,2.25,49,43,62,55,52.25,2,<1,1,0,1,1,0,1,0,0.5,21,57,30,20,32,58,67,70,42,59.25,53,39,65,20,44.25,1,<1,1,1,1,67,62,52,100,70.25,28,22,35,10,23.75,7,6,6,8,6.75,<1,<1,<1,<1,#DIV/0!,33,17,66,30,36.5,65,43,57,68,58.25,33,48,39,18,34.5,38,47,31,15,32.75,3,1,3,1,2,38,61,47,33,44.75,1,1,3,1,1.5,2,8,3,<1,4.333333333,2,<1,1,0,1,<1,<1,1,<1,1,2,2,2,2,2,50,44,41,78,53.25,45,24,50,37,39,64,63,55,48,57.5,4,0,7,11,5.5,72,56,92,78,74.5,38,89,50,19,49,0,0,0,0,0,<1,0,0,0,0,1,2,0,0,0.75,4,6,11,2,5.75,10,5,15,5,8.75,7,39,15,1,15.5,1,0,0,0,0.25,1,5,2,<1,2.666666667,37,96,40,0,43.25,0,0,0,0,0,6,3,5,0,3.5,6,20,11,8,11.25,<1,0,<1,0,0,33,31,44,9,29.25,1,1,1,<1,1
2017-03,2,3,1,0,1.5,29,16,16,8,17.25,1,<1,<1,1,1,31,73,50,25,44.75,46,27,45,64,45.5,8,2,1,0,2.75,40,39,50,17,36.5,2,<1,<1,0,1,1,0,<1,0,0.333333333,23,53,35,13,31,61,59,57,73,62.5,49,38,60,65,53,1,<1,4,1,2,28,38,34,19,29.75,32,22,39,0,23.25,4,5,4,3,4,<1,<1,<1,<1,#DIV/0!,26,16,52,29,30.75,57,41,46,49,48.25,28,40,31,11,27.5,33,49,24,10,29,2,2,2,1,1.75,37,55,44,33,42.25,1,<1,2,0,1,3,11,4,1,4.75,2,1,1,7,2.75,<1,<1,1,1,1,2,2,2,1,1.75,29,27,24,33,28.25,39,23,37,14,28.25,73,72,64,63,68,5,4,9,10,7,24,38,41,28,32.75,35,83,46,19,45.75,0,0,0,0,0,<1,0,<1,0,0,1,0,0,0,0.25,5,8,13,1,6.75,10,5,12,11,9.5,7,36,21,1,16.25,0,0,0,0,0,1,5,2,<1,2.666666667,39,10,39,0,22,<1,<1,0,0,0,8,4,5,0,4.25,6,23,10,7,11.5,<1,0,0,0,0,48,54,73,14,47.25,1,1,1,<1,1
2017-04,3,3,1,1,2,34,19,33,0,21.5,1,<1,<1,0,0.5,30,57,51,15,38.25,53,44,45,49,47.75,6,2,5,0,3.25,44,35,42,44,41.25,2,<1,1,0,1,1,<1,0,0,0.333333333,21,58,24,5,27,82,80,74,38,68.5,69,60,80,36,61.25,1,<1,2,<1,1.5,24,37,28,11,25,34,20,38,6,24.5,3,3,3,6,3.75,1,1,<1,<1,1,32,20,59,39,37.5,63,46,50,42,50.25,26,36,27,10,24.75,46,61,32,14,38.25,2,2,2,1,1.75,38,60,43,26,41.75,2,1,3,1,1.75,4,14,6,1,6.25,3,1,2,0,1.5,<1,<1,1,0,0.5,2,2,2,3,2.25,23,20,21,25,22.25,39,21,42,15,29.25,44,70,51,37,50.5,3,10,0,0,3.25,24,36,41,29,32.5,33,80,43,20,44,0,0,0,0,0,<1,0,<1,0,0,<1,0,0,0,0,12,19,27,6,16,13,5,12,6,9,10,50,20,1,20.25,0,0,0,0,0,1,5,2,<1,2.666666667,53,52,29,0,33.5,<1,<1,0,0,0,11,4,5,0,5,6,20,10,6,10.5,<1,0,0,0,0,43,54,64,18,44.75,<1,1,1,<1,1
2017-05,2,3,1,1,1.75,41,21,42,9,28.25,1,<1,<1,0,0.5,100,71,88,100,89.75,73,58,52,60,60.75,6,1,5,0,3,32,30,38,63,40.75,1,<1,1,0,0.666666667,<1,0,2,0,0.666666667,21,56,31,14,30.5,65,68,64,29,56.5,69,71,75,65,70,1,<1,2,<1,1.5,22,35,27,10,23.5,31,24,28,23,26.5,6,6,4,9,6.25,1,1,<1,<1,1,30,17,57,34,34.5,60,51,49,43,50.75,27,32,28,12,24.75,38,59,30,13,35,2,2,3,1,2,44,63,49,33,47.25,1,1,2,0,1,4,13,6,1,6,3,<1,1,4,2.666666667,<1,<1,1,0,0.5,8,19,4,5,9,29,24,25,27,26.25,35,19,35,30,29.75,52,75,51,43,55.25,1,2,6,0,2.25,23,34,37,30,31,38,81,50,17,46.5,0,0,0,0,0,<1,0,<1,0,0,2,2,0,0,1,14,24,36,4,19.5,10,5,13,6,8.5,10,64,28,<1,34,0,0,0,0,0,1,6,2,<1,3,35,70,42,0,36.75,<1,<1,1,0,0.5,9,6,7,0,5.5,9,35,13,11,17,<1,0,0,0,0,52,71,76,15,53.5,<1,1,1,<1,1
2017-06,2,3,1,1,1.75,81,56,75,0,53,1,<1,<1,0,0.5,65,77,91,46,69.75,66,60,48,44,54.5,9,1,3,0,3.25,30,27,28,21,26.5,1,<1,1,0,0.666666667,<1,0,<1,0,0,23,66,34,16,34.75,65,72,65,100,75.5,77,67,83,73,75,1,<1,2,<1,1.5,24,38,27,8,24.25,29,20,33,26,27,3,3,3,3,3,1,1,<1,<1,1,31,16,58,38,35.75,61,49,53,42,51.25,29,31,26,14,25,35,52,26,10,30.75,4,3,3,1,2.75,43,63,53,37,49,2,1,4,1,2,5,14,7,2,7,3,<1,2,4,3,1,<1,1,1,1,7,14,6,6,8.25,25,17,21,26,22.25,37,19,33,17,26.5,45,61,50,40,49,2,2,13,0,4.25,37,32,41,51,40.25,40,83,49,21,48.25,0,0,0,0,0,<1,0,0,0,0,<1,0,0,0,0,36,53,70,12,42.75,12,6,13,7,9.5,12,56,32,2,25.5,0,0,0,0,0,1,7,2,<1,3.333333333,25,55,16,0,24,0,0,0,0,0,7,2,5,0,3.5,10,25,13,9,14.25,<1,<1,0,0,0,50,50,74,12,46.5,<1,1,1,<1,1
2017-07,2,4,1,0,1.75,67,41,63,41,53,1,0,1,0,0.5,27,50,55,27,39.75,60,52,46,47,51.25,6,1,1,0,2,33,22,30,0,21.25,2,<1,<1,0,1,1,<1,<1,0,0.5,27,64,28,0,29.75,76,69,62,59,66.5,81,64,89,53,71.75,1,1,2,<1,1.333333333,24,37,30,7,24.5,33,19,37,21,27.5,4,4,4,5,4.25,1,1,<1,0,0.666666667,31,15,60,42,37,64,52,50,46,53,25,25,25,12,21.75,38,62,28,13,35.25,9,6,5,4,6,48,58,52,35,48.25,2,2,6,1,2.75,4,11,5,1,5.25,3,1,2,0,1.5,1,<1,2,<1,1.5,29,42,25,19,28.75,23,19,17,20,19.75,43,17,33,72,41.25,43,55,49,39,46.5,3,6,13,8,7.5,35,29,45,38,36.75,36,83,43,20,45.5,0,0,0,0,0,<1,0,<1,0,0,2,0,0,0,0.5,52,57,83,31,55.75,12,6,13,21,13,15,54,32,2,25.75,0,0,0,0,0,1,5,2,<1,2.666666667,37,66,0,0,25.75,<1,<1,0,0,0,6,6,9,0,5.25,23,44,23,18,27,<1,<1,0,0,0,50,48,64,17,44.75,<1,1,1,<1,1
2017-08,2,3,1,0,1.5,86,100,75,20,70.25,1,<1,<1,1,1,25,36,50,25,34,50,31,41,54,44,7,1,2,0,2.5,24,23,25,21,23.25,2,<1,1,5,2.666666667,1,1,<1,0,0.666666667,37,98,38,11,46,66,71,57,0,48.5,82,100,89,42,78.25,1,1,2,<1,1.333333333,23,29,29,8,22.25,34,26,35,13,27,6,5,5,7,5.75,1,1,<1,0,0.666666667,38,26,68,36,42,53,31,46,43,43.25,88,61,54,33,59,32,76,25,10,35.75,25,28,15,11,19.75,48,41,55,40,46,2,3,4,1,2.5,4,12,6,1,5.75,3,1,2,0,1.5,1,<1,1,0,0.666666667,10,18,12,13,13.25,26,12,17,23,19.5,33,19,28,17,24.25,45,52,50,38,46.25,3,5,2,4,3.5,21,23,33,32,27.25,37,68,49,20,43.5,0,0,0,0,0,<1,<1,0,0,0,1,1,0,0,0.5,62,100,100,30,73,11,6,12,13,10.5,10,51,25,2,22,0,0,0,0,0,1,3,2,<1,2,47,38,16,0,25.25,0,<1,0,0,0,5,10,2,0,4.25,13,34,16,16,19.75,1,1,0,0,0.5,49,50,62,20,45.25,<1,1,1,<1,1
2017-09,2,2,1,1,1.5,54,62,76,10,50.5,1,<1,<1,0,0.5,20,30,40,20,27.5,36,26,36,36,33.5,4,1,1,0,1.5,20,19,26,0,16.25,2,<1,<1,5,3.5,<1,<1,<1,0,0,28,83,40,0,37.75,50,52,45,23,42.5,62,70,70,52,63.5,1,1,2,<1,1.333333333,33,25,27,17,25.5,29,24,37,27,29.25,6,4,6,5,5.25,1,1,1,<1,1,85,29,78,76,67,55,25,41,42,40.75,58,67,46,22,48.25,39,68,28,12,36.75,34,35,20,19,27,44,45,51,47,46.75,1,2,3,1,1.75,8,20,13,3,11,3,2,1,0,1.5,1,<1,1,1,1,5,9,7,6,6.75,20,11,17,17,16.25,28,17,25,35,26.25,44,48,49,41,45.5,4,8,7,8,6.75,22,26,34,29,27.75,33,68,42,22,41.25,0,0,0,0,0,<1,<1,<1,0,0,1,1,0,0,0.5,30,53,84,14,45.25,11,6,14,0,7.75,14,52,33,3,25.5,0,0,0,0,0,1,3,2,<1,2,36,65,66,100,66.75,0,<1,0,0,0,4,7,1,0,3,8,22,12,9,12.75,1,3,<1,0,1.333333333,27,31,43,17,29.5,<1,<1,1,<1,1
2017-10,2,2,1,1,1.5,50,43,61,0,38.5,1,<1,<1,0,0.5,19,27,41,16,25.75,32,21,33,37,30.75,5,1,5,0,2.75,24,21,26,32,25.75,2,<1,0,0,0.666666667,<1,<1,1,0,0.5,30,76,36,17,39.75,54,57,58,23,48,62,73,71,43,62.25,1,1,2,<1,1.333333333,19,21,24,5,17.25,37,41,43,28,37.25,23,10,15,25,18.25,2,1,1,1,1.25,41,25,54,74,48.5,50,27,37,49,40.75,44,46,41,19,37.5,42,61,24,12,34.75,40,36,24,24,31,31,37,43,37,37,1,1,2,1,1.25,6,16,11,2,8.75,3,2,1,0,1.5,<1,<1,1,0,0.5,6,9,7,7,7.25,22,13,18,18,17.75,24,15,26,0,16.25,36,45,41,37,39.75,10,16,7,8,10.25,20,26,29,27,25.5,35,71,46,21,43.25,0,0,0,0,0,<1,<1,0,0,0,1,1,0,0,0.5,28,40,75,12,38.75,10,6,13,7,9,9,42,20,<1,23.66666667,0,0,0,0,0,1,3,2,<1,2,0,34,16,0,12.5,<1,<1,1,0,0.5,4,6,5,0,3.75,8,20,12,9,12.25,1,3,1,0,1.25,47,47,60,21,43.75,<1,1,1,<1,1
2017-11,2,2,1,1,1.5,72,67,52,0,47.75,1,<1,<1,0,0.5,18,28,37,16,24.75,43,22,38,60,40.75,8,2,2,0,3,19,14,20,11,16,1,<1,<1,5,3,1,<1,<1,0,0.5,36,87,43,29,48.75,52,53,62,48,53.75,60,71,76,54,65.25,1,1,3,<1,1.666666667,16,18,24,5,15.75,38,41,48,50,44.25,79,99,56,89,80.75,2,1,1,1,1.25,34,19,48,56,39.25,100,43,54,100,74.25,72,51,44,30,49.25,46,93,24,13,44,28,31,22,18,24.75,38,34,47,54,43.25,1,2,4,1,2,4,15,9,2,7.5,2,1,1,0,1,<1,<1,1,<1,1,5,7,6,6,6,19,11,18,18,16.5,26,21,24,0,17.75,45,46,46,42,44.75,7,6,7,4,6,21,25,29,29,26,34,68,42,21,41.25,0,0,0,0,0,<1,<1,<1,0,0,1,1,1,0,0.75,28,40,72,13,38.25,13,7,14,0,8.5,11,45,23,<1,26.33333333,0,0,0,0,0,1,3,2,<1,2,23,35,16,0,18.5,0,<1,0,0,0,6,9,6,0,5.25,9,22,12,8,12.75,1,4,1,5,2.75,44,43,63,30,45,1,1,2,1,1.25
2017-12,2,2,<1,1,1.666666667,93,70,80,11,63.5,1,<1,<1,1,1,20,32,39,17,27,34,21,36,48,34.75,5,3,5,0,3.25,18,12,24,11,16.25,2,<1,1,0,1,<1,<1,2,0,1,37,90,38,12,44.25,57,58,50,36,50.25,68,83,74,51,69,1,1,2,<1,1.333333333,21,21,28,6,19,59,64,67,37,56.75,29,49,32,52,40.5,2,2,1,<1,1.666666667,39,21,49,71,45,63,30,45,67,51.25,51,34,43,21,37.25,35,62,22,12,32.75,54,46,33,40,43.25,33,31,46,50,40,1,1,3,1,1.5,6,14,9,5,8.5,3,1,1,0,1.25,<1,<1,1,0,0.5,6,9,7,9,7.75,20,12,18,19,17.25,69,100,41,38,62,41,46,44,37,42,10,15,19,0,11,25,30,30,30,28.75,34,67,43,20,41,<1,0,0,0,0,<1,<1,0,0,0,1,3,0,0,1,26,35,67,12,35,16,8,17,22,15.75,10,48,28,0,21.5,0,0,0,0,0,2,6,3,1,3,81,100,17,0,49.5,<1,<1,0,0,0,8,13,8,0,7.25,19,43,18,18,24.5,3,6,1,0,2.5,39,39,56,17,37.75,1,1,1,<1,1
2018-01,2,2,1,1,1.5,92,61,100,0,63.25,1,<1,<1,0,0.5,16,23,33,17,22.25,26,17,30,36,27.25,10,5,4,12,7.75,47,15,32,52,36.5,2,<1,<1,0,1,<1,1,0,0,0.333333333,32,89,47,22,47.5,53,52,44,34,45.75,62,67,76,52,64.25,1,1,3,<1,1.666666667,31,28,41,12,28,54,49,66,27,49,55,58,48,98,64.75,2,2,1,1,1.5,46,21,52,77,49,49,26,38,54,41.75,34,32,31,14,27.75,53,70,31,16,42.5,63,66,41,37,51.75,28,27,41,37,33.25,1,2,2,0,1.25,6,15,8,3,8,3,2,1,4,2.5,<1,<1,1,0,0.5,5,8,6,8,6.75,23,12,21,20,19,54,68,36,18,44,35,44,37,32,37,9,12,9,0,7.5,20,26,29,28,25.75,32,62,38,17,37.25,0,0,0,0,0,<1,<1,<1,0,0,1,1,0,0,0.5,29,38,74,23,41,18,7,16,14,13.75,9,46,25,3,20.75,0,1,0,0,0.25,1,3,2,<1,2,81,78,17,0,44,0,<1,0,0,0,10,18,9,0,9.25,21,48,23,16,27,5,11,2,0,4.5,48,57,63,22,47.5,<1,1,1,<1,1
2018-02,1,2,1,2,1.5,76,73,71,0,55,1,<1,<1,0,0.5,15,21,32,18,21.5,25,14,29,26,23.5,7,4,3,0,3.5,41,13,33,24,27.75,2,<1,0,0,0.666666667,<1,<1,1,0,0.5,29,72,37,6,36,45,44,45,52,46.5,67,63,82,71,70.75,1,1,3,0,1.25,20,20,31,7,19.5,68,56,81,71,69,38,42,36,56,43,2,2,1,<1,1.666666667,100,100,87,100,96.75,47,23,35,47,38,26,22,26,12,21.5,47,72,28,14,40.25,45,47,33,30,38.75,23,22,35,34,28.5,1,1,4,0,1.5,3,14,7,2,6.5,2,2,1,0,1.25,<1,<1,1,0,0.5,4,5,6,7,5.5,18,9,18,15,15,38,36,31,0,26.25,30,38,30,33,32.75,9,9,18,14,12.5,19,23,26,28,24,34,63,41,21,39.75,0,0,0,0,0,<1,<1,0,0,0,1,2,1,0,1,16,28,52,11,26.75,16,7,20,24,16.75,9,34,18,4,16.25,0,0,0,0,0,1,4,2,<1,2.333333333,41,64,18,0,30.75,0,<1,1,0,0.333333333,16,29,17,29,22.75,15,32,19,15,20.25,5,10,3,0,4.5,39,38,60,19,39,<1,1,1,<1,1
2018-03,2,2,1,0,1.25,90,69,73,11,60.75,1,1,<1,0,0.666666667,15,21,31,17,21,26,14,27,41,27,6,4,3,0,3.25,20,10,24,34,22,2,<1,<1,0,1,<1,<1,0,0,0,32,75,43,6,39,41,41,46,0,32,74,64,81,88,76.75,1,2,5,<1,2.666666667,19,17,28,5,17.25,84,71,89,0,61,19,24,24,40,26.75,2,2,1,1,1.5,31,22,47,45,36.25,50,20,34,52,39,29,27,25,12,23.25,34,61,22,11,32,34,35,26,27,30.5,38,41,42,50,42.75,1,1,3,1,1.5,7,24,10,2,10.75,3,2,1,0,1.5,<1,<1,1,0,0.5,6,8,6,8,7,18,8,16,17,14.75,37,34,26,39,34,27,33,26,32,29.5,8,7,7,4,6.5,29,22,29,35,28.75,33,62,42,19,39,0,0,0,0,0,<1,<1,<1,0,0,1,1,1,0,0.75,14,18,42,11,21.25,14,7,18,8,11.75,8,35,16,3,15.5,0,0,0,0,0,2,5,2,1,2.5,54,51,83,0,47,<1,<1,0,0,0,12,26,10,0,12,16,30,19,19,21,5,12,4,0,5.25,38,37,57,22,38.5,1,1,1,<1,1
2018-04,2,2,1,1,1.5,87,55,93,0,58.75,1,1,<1,0,0.666666667,20,33,34,21,27,23,13,24,33,23.25,7,3,5,14,7.25,29,10,19,60,29.5,2,<1,<1,0,1,<1,<1,1,0,0.5,31,83,40,19,43.25,52,56,36,51,48.75,71,66,78,72,71.75,3,4,11,1,4.75,22,15,31,6,18.5,88,54,100,48,72.5,25,28,23,68,36,4,4,2,1,2.75,27,22,46,42,34.25,40,18,30,54,35.5,28,22,25,13,22,41,77,25,14,39.25,100,100,49,72,80.25,36,41,44,44,41.25,1,1,3,0,1.25,5,17,8,1,7.75,3,3,1,0,1.75,<1,<1,1,<1,1,12,20,12,15,14.75,19,9,18,19,16.25,39,36,28,0,25.75,47,54,33,53,46.75,15,7,18,9,12.25,30,25,31,43,32.25,33,60,40,22,38.75,0,0,0,0,0,<1,<1,<1,0,0,1,1,0,0,0.5,14,19,39,9,20.25,15,7,19,8,12.25,8,35,21,2,16.5,1,0,0,0,0.25,1,3,2,1,1.75,50,57,91,0,49.5,<1,<1,0,0,0,9,15,8,0,8,15,31,17,16,19.75,9,20,6,0,8.75,51,51,71,33,51.5,<1,<1,1,<1,1
2018-05,2,2,1,0,1.25,81,48,79,100,77,1,<1,1,1,1,29,38,47,29,35.75,20,12,21,34,21.75,6,3,5,0,3.5,17,8,18,59,25.5,2,<1,0,0,0.666666667,<1,<1,0,0,0,26,67,36,6,33.75,43,41,38,50,43,76,64,84,11,58.75,3,3,10,<1,5.333333333,21,16,28,11,19,77,57,95,71,75,17,15,19,50,25.25,6,6,3,3,4.5,33,18,55,47,38.25,44,21,32,47,36,37,22,29,16,26,38,64,26,14,35.5,51,68,35,42,49,74,59,65,74,68,2,2,3,0,1.75,4,15,8,1,7,3,2,1,0,1.5,<1,<1,1,0,0.5,29,54,31,20,33.5,16,7,16,14,13.25,31,20,23,0,18.5,49,51,39,54,48.25,3,6,7,0,4,19,20,26,27,23,34,55,41,20,37.5,0,0,0,0,0,<1,<1,<1,0,0,<1,1,0,0,0.333333333,12,20,35,10,19.25,17,7,12,24,15,9,34,25,2,17.5,0,0,0,0,0,1,4,2,<1,2.333333333,76,43,53,0,43,<1,<1,0,0,0,10,13,6,0,7.25,18,36,25,22,25.25,16,27,7,0,12.5,61,75,90,33,64.75,<1,<1,1,<1,1
2018-06,2,2,1,1,1.5,99,58,94,12,65.75,1,<1,<1,0,0.5,43,38,53,26,40,21,11,21,27,20,9,5,5,0,4.75,12,6,11,24,13.25,2,<1,<1,0,1,<1,1,0,0,0.333333333,31,82,37,13,40.75,47,49,42,39,44.25,96,76,100,34,76.5,3,4,9,1,4.25,18,15,25,9,16.75,81,56,93,25,63.75,26,16,23,53,29.5,9,8,4,4,6.25,19,15,34,29,24.25,42,23,28,43,34,30,20,25,12,21.75,35,56,22,12,31.25,51,73,32,34,47.5,62,54,62,66,61,2,2,3,4,2.75,100,100,100,100,100,3,2,1,0,1.5,<1,<1,1,0,0.5,15,25,19,15,18.5,21,7,18,18,16,38,33,31,21,30.75,47,48,35,48,44.5,3,5,5,5,4.5,33,24,32,43,33,41,58,42,27,42,1,0,3,0,1,<1,<1,0,0,0,5,11,1,0,4.25,12,16,28,8,16,19,9,17,25,17.5,29,78,36,16,39.75,0,0,0,0,0,1,3,2,<1,2,100,36,38,0,43.5,<1,<1,0,0,0,12,19,7,0,9.5,12,26,14,13,16.25,43,76,23,32,43.5,50,50,70,29,49.75,<1,<1,1,<1,1
2018-07,2,2,1,0,1.25,100,51,100,23,68.5,1,<1,<1,0,0.5,32,54,50,32,42,37,11,29,47,31,9,3,4,0,4,11,6,15,12,11,1,<1,<1,0,0.5,<1,<1,0,0,0,35,77,35,13,40,47,42,39,0,32,79,53,96,51,69.75,5,5,12,6,7,23,17,25,10,18.75,70,41,88,98,74.25,16,13,19,33,20.25,14,14,7,8,10.75,42,34,54,45,43.75,54,20,36,55,41.25,33,17,27,11,22,35,57,22,10,31,70,63,58,47,59.5,49,36,58,58,50.25,1,2,2,0,1.25,18,41,36,9,26,3,2,1,0,1.5,<1,<1,1,<1,1,11,15,14,13,13.25,22,9,18,17,16.5,64,26,40,21,37.75,45,56,37,44,45.5,2,5,11,5,5.75,25,19,28,34,26.5,38,56,39,22,38.75,1,0,0,0,0.25,<1,<1,<1,0,0,1,2,0,0,0.75,12,17,27,10,16.5,23,11,23,33,22.5,20,62,39,4,31.25,0,0,0,0,0,1,3,2,1,1.75,54,56,20,0,32.5,1,<1,0,0,0.333333333,14,19,10,0,10.75,11,23,14,14,15.5,79,95,51,95,80,46,49,64,22,45.25,<1,<1,<1,<1,#DIV/0!
2018-08,2,2,1,1,1.5,83,40,62,12,49.25,1,<1,1,0,0.666666667,42,52,50,32,44,23,11,22,30,21.5,9,3,5,15,8,13,5,12,38,17,2,<1,1,6,3,<1,<1,1,0,0.5,67,100,90,26,70.75,52,43,51,68,53.5,75,56,92,71,73.5,4,5,12,2,5.75,20,17,23,9,17.25,92,100,91,51,83.5,16,11,18,37,20.5,17,15,10,7,12.25,33,25,48,41,36.75,37,16,27,44,31,28,17,23,11,19.75,40,71,26,12,37.25,51,57,40,46,48.5,46,33,52,52,45.75,2,3,4,3,3,13,30,28,5,19,3,2,1,0,1.5,<1,<1,<1,0,0,10,15,13,12,12.5,20,7,14,17,14.5,29,15,23,22,22.25,89,86,60,94,82.25,3,7,11,0,5.25,22,18,26,30,24,47,61,49,28,46.25,1,2,6,0,2.25,<1,<1,0,0,0,1,2,0,0,0.75,24,22,40,20,26.5,36,19,20,9,21,15,58,33,5,27.75,0,0,0,0,0,1,3,2,1,1.75,69,32,0,0,25.25,<1,<1,0,0,0,9,15,8,0,8,11,20,13,13,14.25,79,100,48,44,67.75,54,46,63,30,48.25,1,1,1,<1,1
2018-09,2,2,1,0,1.25,60,33,63,12,42,1,<1,1,0,0.666666667,72,51,68,66,64.25,22,10,21,31,21,8,3,3,0,3.5,9,4,8,0,5.25,1,<1,1,0,0.666666667,<1,<1,2,0,1,46,88,73,7,53.5,56,43,47,42,47,78,52,70,54,63.5,4,4,12,2,5.5,16,16,24,7,15.75,59,49,74,43,56.25,24,12,17,53,26.5,12,14,9,4,9.75,23,17,35,27,25.5,35,16,22,35,27,23,15,22,9,17.25,30,54,19,10,28.25,83,67,49,100,74.75,35,32,45,41,38.25,1,2,3,0,1.5,14,28,32,5,19.75,3,2,1,0,1.5,<1,<1,1,0,0.5,9,12,12,9,10.5,19,8,16,16,14.75,19,11,17,0,11.75,100,83,67,100,87.5,7,7,3,15,8,20,18,25,23,21.5,39,66,43,25,43.25,2,0,0,0,0.5,<1,<1,0,0,0,1,<1,0,0,0.333333333,11,13,26,8,14.5,36,23,37,9,26.25,12,58,36,1,26.75,0,0,0,0,0,1,2,2,<1,1.666666667,82,34,19,0,33.75,<1,<1,0,0,0,14,23,17,0,13.5,12,20,15,15,15.5,74,98,61,11,61,35,33,50,24,35.5,1,1,1,<1,1
2018-10,2,2,1,1,1.5,47,35,53,0,33.75,<1,<1,<1,0,0,41,37,44,39,40.25,21,10,19,32,20.5,8,4,2,0,3.5,8,5,13,38,16,2,<1,0,0,0.666666667,<1,1,0,0,0.333333333,40,80,60,26,51.5,62,59,46,54,55.25,89,85,86,100,90,4,5,16,2,6.75,26,29,24,9,22,53,35,74,17,44.75,14,11,14,29,17,15,21,10,6,13,21,19,32,30,25.5,52,22,25,60,39.75,31,18,25,13,21.75,34,60,20,11,31.25,56,62,42,57,54.25,37,37,45,34,38.25,1,2,3,3,2.25,14,32,33,6,21.25,2,2,<1,0,1.333333333,<1,<1,1,0,0.5,7,12,11,11,10.25,18,9,17,14,14.5,20,11,15,44,22.5,49,53,39,56,49.25,22,25,15,10,18,15,18,22,21,19,37,73,44,22,44,16,19,32,0,16.75,<1,<1,<1,0,0,1,2,0,0,0.75,13,13,27,8,15.25,39,33,34,0,26.5,14,62,36,2,28.5,0,0,0,0,0,1,3,2,<1,2,43,40,0,0,20.75,<1,<1,0,0,0,15,25,20,0,15,10,21,13,15,14.75,50,81,49,55,58.75,42,56,61,18,44.25,1,1,1,<1,1
2018-11,2,2,1,0,1.25,59,33,47,13,38,1,<1,<1,0,0.5,56,60,61,48,56.25,21,10,19,27,19.25,10,6,2,0,4.5,8,6,12,0,6.5,2,<1,<1,0,1,<1,<1,0,0,0,52,86,55,7,50,56,65,36,29,46.5,87,94,84,51,79,8,7,22,3,10,43,51,41,18,38.25,55,51,74,9,47.25,14,11,13,28,16.5,29,38,18,12,24.25,22,21,33,28,26,35,18,21,39,28.25,21,15,21,9,16.5,33,64,20,10,31.75,41,55,35,38,42.25,37,35,45,43,40,1,2,2,1,1.5,15,32,32,5,21,3,2,1,0,1.5,<1,<1,1,1,1,6,10,10,8,8.5,20,9,18,15,15.5,21,10,22,0,13.25,43,50,35,51,44.75,22,32,10,32,24,14,16,21,23,18.5,37,74,43,22,44,95,61,72,0,57,<1,<1,0,0,0,<1,1,0,0,0.333333333,9,10,22,5,11.5,37,29,35,9,27.5,17,64,43,5,32.25,0,<1,0,0,0,1,3,2,<1,2,33,27,19,0,19.75,0,<1,0,0,0,14,22,13,0,12.25,8,19,11,9,11.75,80,91,70,65,76.5,58,83,81,31,63.25,<1,1,1,<1,1
2018-12,2,2,1,0,1.25,76,43,66,14,49.75,1,<1,<1,0,0.5,57,59,71,46,58.25,19,11,20,25,18.75,11,7,6,0,6,10,6,13,0,7.25,2,<1,0,0,0.666666667,1,1,0,0,0.5,59,94,71,8,58,46,56,45,16,40.75,80,79,86,61,76.5,10,9,28,4,12.75,79,80,75,51,71.25,61,47,71,29,52,10,9,13,21,13.25,25,29,19,9,20.5,23,20,33,29,26.25,33,15,22,36,26.5,21,15,22,10,17,30,57,18,10,28.75,74,70,50,67,65.25,37,31,47,41,39,3,5,7,2,4.25,17,29,35,7,22,3,1,1,12,4.25,<1,<1,1,0,0.5,8,12,11,9,10,20,7,17,17,15.25,23,8,23,50,26,48,49,42,55,48.5,14,16,8,0,9.5,17,16,24,28,21.25,37,64,40,21,40.5,95,55,77,27,63.5,<1,<1,0,0,0,1,5,0,0,1.5,7,9,24,6,11.5,44,37,40,49,42.5,27,87,58,6,44.5,0,<1,0,0,0,1,3,2,<1,2,94,48,0,0,35.5,<1,<1,0,0,0,10,17,17,0,11,9,19,13,11,13,76,86,73,44,69.75,48,62,72,22,51,1,1,1,<1,1
2019-01,2,2,1,0,1.25,61,45,68,13,46.75,1,<1,<1,0,0.5,46,59,61,38,51,17,9,17,24,16.75,13,13,17,0,10.75,10,9,15,0,8.5,1,<1,0,0,0.333333333,1,1,5,16,5.75,59,99,66,0,56,46,61,45,45,49.25,68,71,82,51,68,11,9,41,5,16.5,55,62,75,25,54.25,100,95,99,92,96.5,16,12,15,32,18.75,23,33,19,11,21.5,26,19,40,31,29,32,15,19,33,24.75,26,16,24,10,19,28,59,18,10,28.75,45,57,38,52,48,35,28,44,43,37.5,2,3,4,1,2.5,15,26,36,6,20.75,3,1,1,0,1.25,1,<1,1,0,0.666666667,10,16,14,9,12.25,22,9,19,19,17.25,26,9,24,0,14.75,33,39,28,40,35,11,11,29,11,15.5,14,15,22,19,17.5,39,65,44,26,43.5,100,78,100,100,94.5,<1,<1,<1,0,0,1,2,0,0,0.75,7,9,22,7,11.25,52,41,45,9,36.75,21,83,58,5,41.75,0,1,0,0,0.25,1,3,2,<1,2,58,33,37,0,32,1,1,2,0,1,20,34,23,0,19.25,10,22,14,13,14.75,100,96,100,71,91.75,56,76,79,29,60,1,1,1,<1,1
2019-02,2,2,1,1,1.5,64,44,67,15,47.5,1,<1,<1,0,0.5,65,74,71,58,67,17,9,17,26,17.25,19,10,6,18,13.25,8,5,14,0,6.75,2,<1,1,0,1,2,1,6,0,2.25,49,87,73,16,56.25,37,44,40,16,34.25,53,49,62,63,56.75,10,8,35,8,15.25,77,98,84,33,73,60,50,69,30,52.25,10,7,13,25,13.75,39,45,25,18,31.75,36,21,37,52,36.5,31,15,20,38,26,19,13,21,9,15.5,29,60,17,11,29.25,68,65,56,70,64.75,50,31,65,55,50.25,1,2,4,0,1.75,17,25,32,5,19.75,2,1,1,0,1,1,<1,1,1,1,7,10,11,7,8.75,18,8,18,14,14.5,16,9,17,0,10.5,43,45,32,48,42,15,12,9,6,10.5,16,15,26,21,19.5,42,62,49,33,46.5,45,3,40,0,22,<1,<1,0,0,0,1,2,0,0,0.75,6,7,23,6,10.5,42,33,44,30,37.25,25,93,53,9,45,0,1,0,0,0.25,1,3,2,<1,2,39,38,0,0,19.25,6,4,1,0,2.75,17,24,16,36,23.25,8,16,13,12,12.25,57,70,71,32,57.5,54,78,77,33,60.5,1,1,1,1,1
2019-03,2,2,<1,0,1.333333333,79,41,80,14,53.5,1,<1,1,0,0.666666667,41,52,58,29,45,19,9,18,20,16.5,24,14,22,0,15,9,4,11,15,9.75,2,<1,0,0,0.666666667,6,3,14,0,5.75,48,79,59,16,50.5,36,39,30,32,34.25,49,44,58,54,51.25,7,6,29,5,11.75,100,100,93,68,90.25,53,35,68,39,48.75,12,7,15,21,13.75,46,54,31,28,39.75,35,20,38,56,37.25,31,22,18,33,26,19,13,20,9,15.25,26,52,16,9,25.75,54,55,43,50,50.5,41,28,57,40,41.5,1,2,2,0,1.25,20,21,27,5,18.25,2,2,1,6,2.75,<1,<1,1,1,1,7,10,10,8,8.75,15,6,15,11,11.75,15,7,12,50,21,32,36,27,37,33,8,6,16,6,9,13,14,21,16,16,100,84,100,100,96,49,4,33,0,21.5,<1,0,0,0,0,1,1,0,0,0.5,8,11,25,13,14.25,46,33,51,0,32.5,25,77,49,7,39.5,0,0,12,0,3,1,4,2,<1,2.333333333,37,16,0,0,13.25,12,8,7,0,6.75,17,27,17,0,15.25,9,16,12,9,11.5,69,65,78,100,78,73,100,98,39,77.5,1,1,1,1,1
2019-04,1,2,<1,1,1.333333333,73,40,89,15,54.25,1,<1,1,0,0.666666667,38,52,54,33,44.25,17,9,16,24,16.5,24,23,16,0,15.75,10,5,13,0,7,1,<1,1,0,0.666666667,6,2,11,0,4.75,53,76,75,16,55,40,44,44,33,40.25,55,52,63,29,49.75,12,8,46,7,18.25,77,87,89,44,74.25,55,39,67,41,50.5,7,7,12,20,11.5,87,100,63,53,75.75,19,15,27,27,22,27,16,17,28,22,33,24,23,14,23.5,29,69,17,10,31.25,36,43,36,50,41.25,35,26,53,43,39.25,1,2,2,0,1.25,18,16,27,8,17.25,3,2,1,13,4.75,<1,<1,1,0,0.5,12,19,16,10,14.25,13,5,13,10,10.25,13,5,11,0,7.25,25,30,26,30,27.75,5,6,3,0,3.5,27,18,28,30,25.75,41,63,52,38,48.5,56,100,45,0,50.25,<1,<1,0,0,0,1,1,0,0,0.5,8,10,22,11,12.75,51,40,49,42,45.5,23,70,60,4,39.25,0,0,0,0,0,1,3,2,<1,2,27,9,40,0,19,18,10,23,0,12.75,15,19,14,0,12,7,16,11,9,10.75,75,68,82,47,68,61,82,98,34,68.75,3,4,3,3,3.25
2019-05,1,1,1,1,1,65,40,67,0,43,1,<1,1,0,0.666666667,32,40,50,25,36.75,18,10,16,26,17.5,37,43,36,17,33.25,8,3,12,0,5.75,1,<1,0,0,0.333333333,4,4,11,0,4.75,46,66,67,23,50.5,30,34,37,0,25.25,45,41,60,28,43.5,100,100,100,100,100,39,37,56,18,37.5,47,26,65,60,49.5,16,11,15,25,16.75,71,86,66,50,68.25,22,19,38,28,26.75,36,13,19,33,25.25,32,24,25,12,23.25,38,65,23,10,34,48,40,75,61,56,49,46,67,63,56.25,1,1,2,2,1.5,18,15,24,5,15.5,3,1,1,0,1.25,<1,<1,1,0,0.5,26,46,33,25,32.5,14,5,14,14,11.75,12,5,15,26,14.5,27,28,27,28,27.5,3,7,5,0,3.75,17,17,24,20,19.5,34,56,46,26,40.5,41,50,34,0,31.25,<1,<1,0,0,0,<1,<1,0,0,0,11,12,25,8,14,51,40,51,40,45.5,24,72,54,9,39.75,0,<1,0,0,0,1,3,2,<1,2,21,15,58,0,23.5,29,17,20,0,16.5,14,17,20,0,12.75,17,33,25,20,23.75,69,66,66,45,61.5,53,65,96,29,60.75,2,2,1,3,2
2019-06,1,2,1,0,1,83,53,72,57,66.25,1,<1,<1,0,0.5,30,36,45,25,34,18,10,15,20,15.75,48,41,28,52,42.25,6,3,7,15,7.75,2,<1,1,0,1,5,8,6,0,4.75,48,70,59,0,44.25,42,38,41,48,42.25,56,43,58,35,48,7,8,27,8,12.5,28,25,37,12,25.5,48,39,54,10,37.75,19,16,21,29,21.25,80,84,82,53,74.75,23,27,30,27,26.75,27,12,19,26,21,35,27,26,13,25.25,26,54,17,8,26.25,41,48,40,46,43.75,69,68,71,58,66.5,1,1,2,0,1,26,16,25,7,18.5,4,3,3,0,2.5,<1,<1,1,0,0.5,23,36,29,20,27,17,6,15,14,13,11,4,13,26,13.5,31,37,28,35,32.75,8,9,17,12,11.5,16,16,22,21,18.75,40,59,47,29,43.75,31,37,31,0,24.75,<1,<1,<1,0,0,<1,2,0,0,0.666666667,10,10,19,7,11.5,60,52,56,41,52.25,32,89,52,5,44.5,1,<1,0,0,0.333333333,1,3,2,<1,2,76,22,47,0,36.25,96,16,44,69,56.25,22,24,20,0,16.5,18,27,20,19,21,41,60,54,20,43.75,63,75,90,29,64.25,2,2,2,3,2.25
2019-07,1,2,1,1,1.25,73,40,55,0,42,1,<1,0,0,0.333333333,27,34,51,25,34.25,20,10,16,26,18,56,45,28,100,57.25,13,5,15,0,8.25,1,<1,0,0,0.333333333,10,7,11,0,7,51,68,65,30,53.5,43,40,39,61,45.75,64,59,56,80,64.75,5,7,18,5,8.75,39,39,56,12,36.5,64,47,67,77,63.75,100,100,100,100,100,75,83,82,48,72,23,19,35,29,26.5,32,13,19,29,23.25,36,20,27,18,25.25,24,54,16,8,25.5,31,37,36,35,34.75,100,74,100,100,93.5,1,2,2,2,1.75,18,13,18,5,13.5,10,12,7,6,8.75,<1,<1,1,0,0.5,46,71,51,54,55.5,16,7,14,13,12.5,15,5,13,74,26.75,35,37,33,34,34.75,100,94,100,100,98.5,23,21,27,31,25.5,33,55,39,22,37.25,46,42,25,26,34.75,<1,<1,0,0,0,1,1,0,0,0.5,11,11,22,8,13,68,58,71,29,56.5,35,95,70,12,53,0,2,0,0,0.5,1,3,1,<1,1.666666667,53,15,26,0,23.5,73,35,41,16,41.25,43,50,52,0,36.25,41,56,45,31,43.25,45,56,56,68,56.25,93,93,95,60,85.25,1,1,1,2,1.25
2019-08,1,1,1,2,1.25,77,37,70,0,46,<1,<1,0,0,0,33,41,52,31,39.25,15,9,14,15,13.25,49,41,32,17,34.75,12,4,15,0,7.75,2,<1,<1,0,1,11,10,15,0,9,50,67,85,0,50.5,36,39,29,31,33.75,56,49,54,74,58.25,8,5,31,7,12.75,77,52,100,24,63.25,54,31,61,29,43.75,53,71,71,84,69.75,68,67,67,53,63.75,23,25,32,26,26.5,24,11,17,23,18.75,51,28,34,20,33.25,22,44,14,6,21.5,25,29,32,35,30.25,79,50,88,83,75,2,2,3,0,1.75,18,13,16,6,13.25,10,25,11,0,11.5,<1,<1,<1,1,1,25,29,31,37,30.5,17,6,13,14,12.5,17,5,13,0,8.75,29,34,28,28,29.75,6,14,27,11,14.5,16,17,23,21,19.25,33,55,40,23,37.75,24,27,31,0,20.5,<1,<1,0,0,0,1,1,0,0,0.5,9,8,20,9,11.5,67,59,50,20,49,38,92,73,15,54.5,4,82,0,0,21.5,1,3,2,<1,2,63,16,73,0,38,72,52,48,100,68,55,53,56,0,41,23,37,26,22,27,45,52,46,50,48.25,60,67,81,28,59,2,2,1,2,1.75
2019-09,2,2,1,0,1.25,66,34,40,29,42.25,1,<1,<1,0,0.5,28,35,47,26,34,15,8,12,15,12.5,35,37,26,18,29,7,3,11,0,5.25,2,<1,1,0,1,8,9,14,17,12,42,53,50,8,38.25,32,30,36,16,28.5,56,41,51,21,42.25,5,3,23,6,9.25,41,31,90,22,46,41,20,41,31,33.25,30,38,41,51,40,69,74,70,62,68.75,25,22,39,26,28,21,10,14,22,16.75,33,23,25,11,23,25,55,14,7,25.25,26,27,31,37,30.25,55,39,61,67,55.5,2,1,3,3,2.25,14,12,16,4,11.5,6,11,6,0,5.75,<1,<1,1,0,0.5,16,21,21,20,19.5,18,7,15,17,14.25,9,4,9,53,18.75,38,33,27,33,32.75,6,10,12,6,8.5,16,15,21,17,17.25,29,54,37,21,35.25,16,16,7,0,9.75,<1,<1,0,0,0,1,1,0,0,0.5,5,6,14,5,7.5,57,48,48,72,56.25,26,77,48,11,40.5,4,98,57,0,39.75,1,3,2,<1,2,46,10,64,0,30,71,51,37,70,57.25,26,28,31,0,21.25,22,28,26,22,24.5,30,37,35,20,30.5,40,41,52,27,40,2,3,2,3,2.5
2019-10,2,2,1,0,1.25,56,40,37,0,33.25,1,<1,1,0,0.666666667,22,29,41,17,27.25,22,9,17,31,19.75,26,31,21,17,23.75,6,2,6,0,3.5,1,<1,<1,0,0.5,7,6,12,0,6.25,40,48,62,16,41.5,27,27,32,48,33.5,56,42,56,49,50.75,4,4,20,5,8.25,27,18,60,12,29.25,45,21,56,40,40.5,25,26,38,39,32,55,52,55,45,51.75,39,52,39,49,44.75,46,38,18,36,34.5,27,18,22,9,19,25,50,15,7,24.25,30,28,34,31,30.75,35,27,45,41,37,2,1,3,3,2.25,15,12,15,5,11.75,7,10,9,0,6.5,<1,<1,1,0,0.5,15,16,26,24,20.25,21,8,16,22,16.75,13,5,11,0,7.25,25,26,23,26,25,23,21,28,6,19.5,13,13,20,16,15.5,30,55,39,20,36,19,17,10,0,11.5,<1,<1,0,0,0,1,1,0,0,0.5,4,4,15,3,6.5,59,54,58,61,58,24,75,56,10,41.25,6,78,13,0,24.25,1,2,2,<1,1.666666667,49,14,0,0,15.75,54,43,48,17,40.5,37,37,48,0,30.5,13,21,18,12,16,30,33,42,52,39.25,38,44,54,22,39.5,2,2,2,3,2.25
2019-11,11,8,8,3,7.5,50,24,48,15,34.25,1,<1,<1,0,0.5,26,30,47,24,31.75,15,9,13,20,14.25,34,33,24,18,27.25,7,2,10,0,4.75,3,<1,3,0,2,9,6,20,0,8.75,43,49,60,8,40,25,24,24,0,18.25,51,35,56,15,39.25,5,4,21,5,8.75,24,17,47,10,24.5,42,27,63,32,41,30,23,38,52,35.75,59,62,60,54,58.75,24,22,32,38,29,43,32,19,43,34.25,35,21,25,14,23.75,25,52,17,7,25.25,22,24,30,26,25.5,37,27,44,53,40.25,1,1,3,2,1.75,13,12,14,5,11,9,9,7,6,7.75,1,<1,2,2,1.666666667,10,12,17,19,14.5,18,7,16,18,14.75,10,3,6,28,11.75,23,32,23,24,25.5,26,15,47,18,26.5,12,14,19,18,15.75,30,53,38,23,36,17,19,17,29,20.5,<1,<1,<1,0,0,1,2,4,0,1.75,7,6,18,6,9.25,58,59,58,32,51.75,36,86,67,11,50,10,71,28,0,27.25,1,3,2,<1,2,35,11,0,0,11.5,53,44,38,18,38.25,32,38,26,0,24,12,21,18,17,17,29,29,35,28,30.25,39,44,54,21,39.5,1,2,1,3,1.75
2019-12,43,23,42,21,32.25,69,26,51,16,40.5,5,4,3,0,3,26,32,46,23,31.75,16,9,14,19,14.5,37,35,33,20,31.25,7,3,8,17,8.75,23,2,29,7,15.25,46,27,32,0,26.25,37,51,61,70,54.75,26,30,22,0,19.5,56,42,51,31,45,5,3,24,3,8.75,33,21,45,14,28.25,47,18,61,34,40,26,19,37,38,30,82,72,83,89,81.5,22,25,34,38,29.75,28,17,17,29,22.75,30,19,28,11,22,25,55,17,8,26.25,30,22,34,43,32.25,35,24,44,53,39,4,3,5,4,4,14,14,18,6,13,15,13,10,7,11.25,3,2,3,1,2.25,12,15,17,16,15,24,8,18,19,17.25,14,3,11,0,7,23,27,25,27,25.5,20,11,22,26,19.75,13,13,20,19,16.25,30,54,37,23,36,22,9,29,0,15,<1,<1,<1,0,0,3,5,3,0,2.75,7,6,17,10,10,65,64,55,45,57.25,34,85,69,12,50,11,54,15,0,20,1,2,2,<1,1.666666667,50,15,0,0,16.25,51,41,60,0,38,54,48,54,41,49.25,12,19,18,10,14.75,28,29,33,22,28,43,42,58,26,42.25,2,4,2,3,2.75
2020-01,37,26,32,9,26,42,21,38,0,25.25,9,10,8,0,6.75,27,28,50,24,32.25,29,21,20,33,25.75,36,30,18,17,25.25,8,2,7,14,7.75,19,3,26,6,13.5,78,51,89,67,71.25,36,49,60,8,38.25,27,30,27,46,32.5,49,33,44,88,53.5,6,3,30,4,10.75,23,15,38,15,22.75,48,15,60,29,38,32,22,40,65,39.75,98,72,92,100,90.5,22,22,30,33,26.75,43,26,19,30,29.5,25,14,23,8,17.5,22,50,15,6,23.25,20,18,29,26,23.25,26,20,39,35,30,6,7,17,5,8.75,16,12,18,6,13,35,46,29,12,30.5,5,4,6,3,4.5,10,13,16,13,13,24,11,22,24,20.25,15,3,16,25,14.75,25,27,24,23,24.75,21,10,32,11,18.5,15,12,23,24,18.5,28,49,35,18,32.5,18,14,13,0,11.25,<1,<1,<1,0,0,5,2,1,0,2,22,10,23,18,18.25,64,59,60,39,55.5,38,100,74,16,57,11,23,41,0,18.75,100,100,100,100,100,33,10,21,0,16,54,36,48,0,34.5,50,43,43,35,42.75,13,18,19,13,15.75,31,33,38,25,31.75,45,44,60,32,45.25,2,2,2,3,2.25
2020-02,51,41,40,10,35.5,49,18,38,0,26.25,18,15,18,1,13,23,25,46,21,28.75,33,21,23,27,26,42,32,31,32,34.25,6,2,10,0,4.5,27,4,39,12,20.5,76,43,95,0,53.5,29,41,45,0,28.75,33,23,30,0,21.5,44,26,44,13,31.75,5,3,27,4,9.75,20,14,31,10,18.75,52,14,65,47,44.5,27,18,34,37,29,100,80,95,84,89.75,19,17,27,26,22.25,28,17,16,27,22,36,19,26,11,23,20,53,13,6,23,18,17,24,19,19.5,21,18,32,35,26.5,10,7,24,13,13.5,12,12,14,4,10.5,31,33,36,11,27.75,3,3,4,2,3,10,13,14,11,12,21,13,21,16,17.75,34,7,31,73,36.25,30,32,23,27,28,16,8,24,11,14.75,16,15,24,19,18.5,30,52,39,20,35.25,12,13,14,0,9.75,<1,<1,<1,0,0,67,44,42,0,38.25,10,7,19,10,11.5,57,54,55,48,53.5,32,87,67,11,49.25,30,27,0,0,14.25,23,54,45,18,35,19,9,21,0,12.25,48,36,48,16,37,45,38,37,0,30,17,16,20,20,18.25,22,21,25,18,21.5,46,43,52,43,46,3,3,3,5,3.5
2020-03,77,61,62,14,53.5,50,22,43,0,28.75,39,35,47,6,31.75,22,23,46,15,26.5,21,15,17,13,16.5,67,38,44,19,42,13,3,10,0,6.5,36,4,54,4,24.5,98,100,100,39,84.25,62,55,66,22,51.25,35,28,43,0,26.5,53,32,57,16,39.5,6,4,31,3,11,19,15,37,5,19,67,19,85,23,48.5,22,20,35,22,24.75,75,58,100,58,72.75,19,16,29,16,20,25,14,17,13,17.25,24,14,23,6,16.75,21,51,13,5,22.5,24,26,29,18,24.25,23,17,34,22,24,8,10,23,1,10.5,12,10,14,3,9.75,73,79,79,36,66.75,3,2,3,2,2.5,12,13,16,10,12.75,30,13,22,22,21.75,84,7,46,30,41.75,24,27,23,16,22.5,9,8,23,14,13.5,12,12,19,12,13.75,27,47,35,11,30,22,10,3,0,8.75,<1,<1,1,0,0.5,66,39,61,35,50.25,5,4,15,3,6.75,65,55,66,30,54,38,87,72,9,51.5,34,29,41,0,26,5,12,17,2,9,34,13,21,0,17,53,34,47,20,38.5,59,58,90,86,73.25,12,15,18,8,13.25,26,27,38,4,23.75,54,54,69,41,54.5,10,14,7,10,10.25
2020-04,80,50,58,19,51.75,61,24,62,0,36.75,54,58,67,8,46.75,23,22,45,15,26.25,18,10,15,11,13.5,78,44,51,59,58,10,3,10,20,10.75,40,6,55,22,30.75,100,90,91,71,88,74,56,80,16,56.5,51,37,53,44,46.25,62,41,61,19,45.75,6,4,28,3,10.25,25,18,36,9,22,79,17,84,42,55.5,30,31,44,31,34,61,46,76,48,57.75,26,20,38,23,26.75,32,16,17,21,21.5,23,13,22,6,16,28,82,15,7,33,20,20,28,20,22,26,14,41,27,27,18,15,53,10,24,11,9,13,3,9,100,100,100,64,91,3,2,4,6,3.75,18,20,24,17,19.75,27,13,22,23,21.25,55,6,49,54,41,24,25,23,17,22.25,5,8,17,4,8.5,14,12,21,14,15.25,33,47,37,16,33.25,14,6,13,0,8.25,1,<1,<1,3,2,100,55,100,21,69,7,5,19,6,9.25,84,64,95,78,80.25,51,73,100,13,59.25,50,64,67,0,45.25,3,8,7,1,4.75,74,16,100,0,47.5,64,40,72,12,47,100,100,93,26,79.75,17,18,22,15,18,56,35,53,27,42.75,85,72,100,72,82.25,6,7,5,8,6.5
2020-05,74,52,62,16,51,92,31,47,42,53,59,56,69,15,49.75,34,30,52,30,36.5,20,10,15,15,15,74,51,45,38,52,7,2,10,22,10.25,38,9,58,19,31,62,48,71,51,58,75,66,77,40,64.5,55,38,45,59,49.25,100,56,75,67,74.5,7,6,27,4,11,28,19,36,11,23.5,63,23,74,82,60.5,27,28,40,39,33.5,50,42,63,50,51.25,29,20,40,30,29.75,28,12,16,21,19.25,24,14,22,6,16.5,22,49,14,6,22.75,19,16,25,18,19.5,20,13,32,25,22.5,44,19,61,74,49.5,11,8,12,4,8.75,93,79,96,100,92,2,1,3,2,2,16,17,20,14,16.75,22,9,17,21,17.25,45,6,46,39,34,30,29,24,25,27,4,6,3,0,3.25,14,13,20,17,16,33,46,37,20,34,11,20,6,0,9.25,1,<1,<1,0,0.5,91,56,88,0,58.75,7,6,19,6,9.5,98,86,97,38,79.75,44,58,96,12,52.5,59,72,38,0,42.25,3,7,6,1,4.25,69,18,56,0,35.75,77,65,84,26,63,80,93,98,54,81.25,15,19,20,14,17,38,29,32,19,29.5,92,69,90,63,78.5,6,9,5,9,7.25
2020-06,72,55,67,42,59,56,22,51,22,37.75,58,68,84,15,56.25,28,25,50,29,33,18,10,14,18,15,65,57,40,0,40.5,7,2,7,12,7,49,24,51,20,36,47,45,63,13,42,54,65,86,12,54.25,51,30,43,0,31,74,42,75,83,68.5,6,4,25,5,10,26,22,37,10,23.75,59,22,88,63,58,31,28,44,38,35.25,43,38,55,46,45.5,24,17,34,30,26.25,23,12,15,19,17.25,18,14,19,6,14.25,24,46,14,6,22.5,18,15,25,19,19.25,18,13,28,23,20.5,26,31,57,35,37.25,13,9,13,5,10,69,59,80,48,64,2,1,2,1,1.5,12,14,16,17,14.75,38,13,30,33,28.5,42,6,44,20,28,43,40,35,33,37.75,3,4,9,0,4,15,13,20,20,17,38,53,40,30,40.25,11,7,3,0,5.25,10,1,8,3,5.5,90,78,72,0,60,16,7,23,20,16.5,81,92,98,96,91.75,32,50,65,16,40.75,67,86,14,0,41.75,2,6,5,1,3.5,44,14,42,0,25,100,100,62,41,75.75,82,95,58,0,58.75,14,17,19,19,17.25,32,30,34,41,34.25,100,68,85,100,88.25,7,8,6,10,7.75
2020-07,100,100,80,51,82.75,52,18,38,12,30,100,100,100,100,100,24,23,45,18,27.5,15,9,13,14,12.75,64,55,45,29,48.25,6,2,6,25,9.75,100,100,92,81,93.25,76,81,81,100,84.5,37,53,48,26,41,44,26,36,40,36.5,61,33,63,41,49.5,7,7,26,10,12.5,25,18,30,10,20.75,54,20,86,67,56.75,30,27,43,45,36.25,40,37,44,39,40,20,15,30,31,24,25,12,15,19,17.75,45,22,26,15,27,35,51,18,13,29.25,17,14,24,16,17.75,18,12,26,29,21.25,33,43,79,39,48.5,12,9,13,4,9.5,73,68,91,67,74.75,2,1,2,3,2,15,14,16,24,17.25,25,9,21,24,19.75,41,5,39,0,21.25,54,31,34,42,40.25,4,7,6,0,4.25,14,12,20,21,16.75,31,45,36,19,32.75,6,5,11,0,5.5,100,33,79,46,64.5,81,100,61,76,79.5,7,7,15,11,10,100,100,100,76,94,32,44,64,9,37.25,73,91,43,0,51.75,2,5,5,1,3.25,27,13,65,0,26.25,87,86,59,72,76,81,71,60,61,68.25,22,19,26,34,25.25,33,30,42,16,30.25,55,48,65,55,55.75,7,8,6,12,8.25
2020-08,91,79,86,36,73,46,17,47,12,30.5,74,83,85,24,66.5,26,23,44,24,29.25,15,8,13,14,12.5,70,59,36,43,52,5,2,5,0,3,82,44,93,70,72.25,42,31,49,71,48.25,46,61,82,26,53.75,38,22,26,26,28,49,26,50,23,37,7,5,25,6,10.75,25,16,32,8,20.25,53,17,68,100,59.5,31,24,40,47,35.5,40,38,45,47,42.5,25,21,34,36,29,29,18,16,24,21.75,34,20,25,11,22.5,21,41,12,8,20.5,51,65,39,47,50.5,20,11,24,36,22.75,48,31,74,90,60.75,11,9,13,4,9.25,70,74,82,71,74.25,2,1,2,2,1.75,12,13,15,18,14.5,28,12,22,26,22,31,4,28,65,32,32,32,28,30,30.5,19,6,29,19,18.25,16,15,22,21,18.5,32,42,36,18,32,7,3,0,0,2.5,90,37,87,85,74.75,84,70,54,100,77,18,6,19,26,17.25,74,85,77,76,78,27,39,50,16,33,71,74,42,0,46.75,3,6,7,1,4.25,54,16,21,0,22.75,97,91,54,29,67.75,64,53,59,0,44,19,21,24,24,22,44,33,40,48,41.25,58,45,55,49,51.75,16,21,14,20,17.75
2020-09,85,68,83,35,67.75,46,15,32,12,26.25,60,66,77,16,54.75,22,22,44,19,26.75,17,9,13,20,14.75,64,59,43,29,48.75,6,1,4,0,2.75,77,54,87,100,79.5,34,24,48,15,30.25,34,50,56,53,48.25,31,20,35,0,21.5,40,24,44,30,34.5,5,5,23,4,9.25,20,14,32,5,17.75,44,20,64,43,42.75,57,26,57,63,50.75,35,32,48,37,38,19,17,30,27,23.25,31,16,16,25,22,25,15,22,8,17.5,22,39,12,8,20.25,49,44,38,49,45,15,10,21,24,17.5,21,17,50,39,31.75,13,10,16,4,10.75,49,49,65,42,51.25,1,1,2,1,1.25,15,14,17,20,16.5,28,13,24,26,22.75,24,4,30,44,25.5,26,25,25,26,25.5,4,4,11,5,6,14,13,20,16,15.75,28,42,34,13,29.25,4,2,3,0,2.25,80,55,100,100,83.75,31,39,33,51,38.5,5,4,13,7,7.25,65,70,79,43,64.25,27,33,58,13,32.75,85,75,51,0,52.75,2,5,8,1,4,50,17,38,0,26.25,99,98,83,15,73.75,69,75,78,31,63.25,29,26,28,42,31.25,53,35,46,44,44.5,36,29,45,36,36.5,17,35,17,21,22.5
2020-10,71,68,85,21,61.25,52,15,60,0,31.75,53,64,73,19,52.25,29,32,49,26,34,18,10,13,16,14.25,52,60,55,47,53.5,5,1,5,13,6,55,38,86,47,56.5,33,35,50,16,33.5,26,41,60,0,31.75,28,19,35,0,20.5,36,22,39,13,27.5,5,5,27,4,10.25,20,16,36,10,20.5,44,14,67,27,38,49,31,54,59,48.25,48,32,60,61,50.25,20,26,32,25,25.75,24,11,13,19,16.75,20,13,19,6,14.5,25,45,14,8,23,61,31,100,75,66.75,26,19,29,33,26.75,21,23,49,34,31.75,11,9,13,5,9.5,40,46,71,16,43.25,1,1,2,1,1.25,14,14,16,22,16.5,52,22,39,45,39.5,17,2,27,23,17.25,33,24,27,32,29,3,4,10,0,4.25,11,10,17,13,12.75,28,44,37,17,31.5,3,2,0,0,1.25,65,100,87,89,85.25,34,33,21,27,28.75,4,4,13,8,7.25,55,70,78,100,75.75,26,38,60,10,33.5,79,97,11,0,46.75,2,5,6,1,3.5,42,10,51,0,25.75,82,77,100,16,68.75,47,77,71,33,57,13,18,20,12,15.75,27,25,34,29,28.75,39,31,47,28,36.25,27,51,35,40,38.25
2020-11,97,85,100,33,78.75,64,16,42,13,33.75,53,66,77,16,53,32,42,52,24,37.5,20,12,14,15,15.25,58,64,65,32,54.75,8,1,6,14,7.25,60,34,95,48,59.25,33,30,57,16,34,26,42,57,0,31.25,31,20,34,29,28.5,38,24,49,25,34,6,6,28,5,11.25,18,13,35,6,18,45,13,56,9,30.75,31,23,42,39,33.75,42,44,53,48,46.75,18,19,28,23,22,22,10,13,19,16,23,12,21,7,15.75,18,37,12,6,18.25,23,21,30,26,25,35,23,36,34,32,25,38,57,41,40.25,12,9,12,4,9.25,44,43,61,67,53.75,1,1,2,<1,1.333333333,13,15,17,14,14.75,91,30,62,63,61.5,20,2,26,24,18,25,24,22,20,22.75,28,32,14,21,23.75,11,10,18,13,13,28,44,38,16,31.5,4,3,8,0,3.75,57,66,77,67,66.75,69,21,34,27,37.75,39,11,34,37,30.25,56,68,86,28,59.5,21,27,55,9,28,92,90,68,0,62.5,1,4,5,1,2.75,56,12,68,0,34,69,73,99,32,68.25,50,60,73,0,45.75,13,16,19,12,15,29,24,32,35,30,37,34,48,33,38,100,100,100,100,100
2020-12,81,63,97,19,65,56,14,38,0,27,49,53,79,13,48.5,45,45,61,27,44.5,18,10,14,16,14.5,63,62,62,35,55.5,10,2,14,15,10.25,73,70,97,65,76.25,32,40,53,34,39.75,28,40,62,31,40.25,31,21,37,0,22.25,38,24,46,14,30.5,6,6,32,3,11.75,18,13,32,6,17.25,39,8,68,30,36.25,32,23,42,54,37.75,51,37,64,58,52.5,18,16,29,21,21,25,9,14,21,17.25,41,19,28,16,26,20,36,11,6,18.25,20,19,29,22,22.5,33,22,37,42,33.5,21,22,57,27,31.75,12,8,13,5,9.5,35,27,58,55,43.75,2,1,2,2,1.75,15,17,21,20,18.25,24,8,17,24,18.25,17,2,24,26,17.25,24,20,22,21,21.75,30,18,12,12,18,10,9,18,12,12.25,31,43,42,19,33.75,3,2,0,0,1.25,46,73,72,66,64.25,23,17,17,0,14.25,26,8,41,36,27.75,54,61,87,20,55.5,21,24,48,9,25.5,100,88,23,0,52.75,2,4,5,1,3,14,10,35,0,14.75,67,64,90,0,55.25,50,65,84,37,59,16,16,21,17,17.5,24,20,32,26,25.5,45,35,57,40,44.25,9,13,15,21,14.5
2021-01,73,53,95,26,61.75,58,14,44,26,35.5,43,43,81,16,45.75,30,33,54,23,35,19,10,14,15,14.5,73,58,75,16,55.5,9,1,15,28,13.25,52,30,100,48,57.5,50,48,70,16,46,100,49,77,100,81.5,36,19,36,0,22.75,47,22,54,63,46.5,5,5,33,5,12,17,12,32,7,17,40,8,70,36,38.5,33,27,49,32,35.25,37,32,50,35,38.5,17,15,31,21,21,26,17,14,22,19.75,25,14,23,7,17.25,39,47,16,13,28.75,18,17,28,21,21,20,13,27,21,20.25,14,20,52,26,28,13,10,15,4,10.5,36,23,66,50,43.75,87,74,67,81,77.25,19,22,24,19,21,47,17,36,48,37,16,2,23,47,22,27,21,23,18,22.25,14,5,16,21,14,11,9,18,13,12.75,30,42,45,16,33.25,3,2,3,0,2,46,35,82,47,52.5,20,15,11,55,25.25,13,5,21,23,15.5,57,61,75,28,55.25,18,24,49,6,24.25,99,89,100,0,72,3,5,7,1,4,55,9,33,0,24.25,70,62,92,0,56,75,91,100,100,91.5,18,18,22,13,17.75,27,25,37,30,29.75,54,45,70,42,52.75,35,48,52,60,48.75
2021-02,60,44,80,20,51,48,11,37,0,24,36,38,65,15,38.5,26,29,51,22,32,15,8,13,11,11.75,79,75,100,36,72.5,6,1,9,0,4,38,21,73,21,38.25,28,30,53,36,36.75,89,56,100,65,77.5,47,21,49,34,37.75,60,21,48,51,45,7,5,32,9,13.25,18,14,30,15,19.25,42,12,65,21,35,35,26,48,39,37,36,27,45,35,35.75,16,15,26,21,19.5,24,14,13,20,17.75,27,15,24,7,18.25,28,38,14,9,22.25,29,33,30,29,30.25,16,12,23,17,17,14,33,48,23,29.5,11,10,13,4,9.5,28,19,48,26,30.25,32,39,36,37,36,20,23,24,26,23.25,14,6,14,10,11,13,2,19,54,22,26,20,22,21,22.25,16,5,10,6,9.25,11,9,19,12,12.75,32,45,50,17,36,3,2,3,0,2,25,49,49,27,37.5,15,11,9,0,8.75,7,3,18,10,9.5,56,65,72,53,61.5,34,51,69,22,44,72,98,35,0,51.25,2,4,6,1,3.25,36,9,18,0,15.75,61,52,84,0,49.25,67,65,88,38,64.5,23,19,25,22,22.25,24,22,27,14,21.75,51,44,62,36,48.25,13,17,19,28,19.25
2021-03,71,53,79,100,75.75,41,12,43,18,28.5,51,66,65,19,50.25,22,25,45,15,26.75,22,11,15,19,16.75,90,87,91,33,75.25,5,1,6,0,3,37,16,72,84,52.25,18,20,35,33,26.5,28,36,65,5,33.5,29,24,38,21,28,35,22,43,21,30.25,5,3,25,11,11,14,11,28,7,15,35,9,49,73,41.5,32,28,48,44,38,46,30,60,71,51.75,17,20,26,17,20,23,14,11,20,17,30,16,34,14,23.5,22,37,12,8,19.75,33,33,36,48,37.5,14,11,22,19,16.5,22,20,39,64,36.25,11,10,12,3,9,26,20,38,30,28.5,16,20,22,24,20.5,21,24,25,27,24.25,7,4,10,6,6.75,11,2,18,47,19.5,22,20,19,19,20,12,5,13,7,9.25,13,10,25,26,18.5,30,45,50,17,35.5,5,5,4,0,3.5,20,32,42,51,36.25,12,10,5,0,6.75,11,4,17,14,11.5,54,65,81,49,62.25,100,85,81,100,91.5,78,100,34,0,53,2,4,5,1,3,36,13,38,0,21.75,68,53,92,21,58.5,50,46,54,0,37.5,13,15,19,15,15.5,23,23,28,24,24.5,48,44,62,43,49.25,12,28,17,20,19.25
2021-04,58,40,73,28,49.75,43,10,43,0,24,47,59,66,13,46.25,25,24,44,17,27.5,23,13,16,18,17.5,86,78,93,48,76.25,4,1,5,0,2.5,32,15,67,36,37.5,33,51,43,32,39.75,28,31,61,28,37,30,19,30,0,19.75,43,19,43,64,42.25,8,5,23,13,12.25,14,11,27,4,14,38,8,47,73,41.5,42,28,57,54,45.25,36,29,44,39,37,16,14,26,18,18.5,23,11,13,17,16,31,17,25,9,20.5,24,41,13,8,21.5,20,23,26,20,22.25,14,10,20,21,16.25,22,27,40,39,32,11,10,11,3,8.75,31,31,41,39,35.5,29,28,29,32,29.5,19,21,26,23,22.25,5,3,8,4,5,16,2,23,0,10.25,20,19,20,13,18,12,5,12,0,7.25,10,8,16,11,11.25,31,42,44,16,33.25,3,<1,0,0,1,20,29,34,53,34,11,8,5,0,6,100,17,57,100,68.5,53,66,71,37,56.75,31,27,40,34,33,64,86,89,100,84.75,1,3,4,<1,2.666666667,53,9,33,0,23.75,68,46,88,94,74,50,52,75,0,44.25,16,16,22,17,17.75,25,26,26,35,28,41,39,57,23,40,9,14,12,20,13.75
2021-05,59,35,67,16,44.25,31,8,28,0,16.75,45,47,62,16,42.5,41,25,57,27,37.5,20,11,15,17,15.75,84,67,88,0,59.75,4,1,6,0,2.75,40,21,60,39,40,23,29,33,30,28.75,26,28,63,13,32.5,24,15,33,14,21.5,31,15,37,24,26.75,4,3,19,7,8.25,12,9,24,3,12,28,7,40,43,29.5,33,24,47,40,36,60,29,76,60,56.25,16,13,24,16,17.25,25,11,14,16,16.5,25,14,23,6,17,20,36,11,7,18.5,17,18,25,15,18.75,13,9,18,16,14,29,36,52,42,39.75,11,10,11,4,9,28,21,42,16,26.75,100,70,80,92,85.5,17,16,23,20,19,5,3,8,4,5,12,1,18,0,7.75,32,25,24,25,26.5,12,3,12,5,8,11,8,17,10,11.5,30,41,47,15,33.25,3,<1,5,0,2.666666667,18,20,29,31,24.5,14,14,9,0,9.25,22,6,41,32,25.25,48,62,78,17,51.25,14,17,33,18,20.5,60,75,44,0,44.75,2,4,5,1,3,19,5,33,0,14.25,53,40,79,0,43,58,54,84,31,56.75,13,14,20,11,14.5,25,24,24,28,25.25,37,28,50,18,33.25,7,10,10,16,10.75
2021-06,46,31,62,10,37.25,34,8,31,0,18.25,34,32,58,11,33.75,27,25,48,22,30.5,16,9,13,13,12.75,89,70,85,31,68.75,4,1,3,13,5.25,27,10,50,17,26,18,17,30,30,23.75,29,27,57,20,33.25,25,24,29,42,30,41,24,33,32,32.5,3,2,13,4,5.5,12,9,20,1,10.5,26,6,40,27,24.75,30,20,43,47,35,50,33,55,74,53,17,13,24,20,18.5,22,10,12,18,15.5,23,14,22,6,16.25,24,42,12,8,21.5,20,16,26,19,20.25,13,9,18,19,14.75,100,100,100,100,100,12,10,10,5,9.25,25,20,33,28,26.5,96,100,100,100,99,18,16,24,18,19,6,3,6,5,5,11,1,10,0,5.5,24,21,22,14,20.25,10,3,16,0,7.25,10,8,15,9,10.5,30,42,39,14,31.25,1,1,0,0,0.5,17,23,25,47,28,14,9,6,0,7.25,29,6,39,30,26,49,64,72,83,67,14,39,33,10,24,65,76,62,0,50.75,1,4,4,1,2.5,29,7,74,0,27.5,62,48,92,0,50.5,57,58,50,0,41.25,13,13,17,12,13.75,30,27,27,35,29.75,29,21,41,22,28.25,7,14,9,16,11.5
2021-07,45,29,52,9,33.75,33,8,28,0,17.25,38,30,53,19,35,24,23,40,19,26.5,17,9,13,15,13.5,93,75,70,0,59.5,4,1,6,26,9.25,27,12,43,28,27.5,14,13,21,59,26.75,29,26,40,27,30.5,26,21,25,0,18,36,20,28,18,25.5,3,3,11,3,5,10,8,17,4,9.75,32,9,50,61,38,42,22,44,77,46.25,36,26,33,52,36.75,16,17,23,17,18.25,29,10,15,18,18,23,13,21,6,15.75,19,36,10,6,17.75,20,16,25,16,19.25,17,10,20,16,15.75,15,19,37,29,25,12,9,7,4,8,24,16,29,21,22.5,80,80,97,89,86.5,33,22,31,42,32,6,3,5,5,4.75,10,1,9,0,5,26,21,22,18,21.75,21,13,16,30,20,9,8,16,11,11,28,41,34,14,29.25,3,1,0,0,1,17,21,22,32,23,17,9,10,0,9,11,3,19,13,11.5,46,62,58,26,48,18,38,41,9,26.5,72,55,78,0,51.25,1,4,3,<1,2.666666667,34,5,20,0,14.75,69,45,67,15,49,71,62,59,32,56,42,29,38,54,40.75,25,26,24,17,23,27,18,30,15,22.5,5,9,7,12,8.25
2021-08,41,25,48,16,32.5,28,6,15,0,12.25,52,33,59,18,40.5,29,28,47,20,31,19,11,12,13,13.75,100,84,76,15,68.75,4,1,5,0,2.5,25,10,48,28,27.75,16,18,18,30,20.5,26,24,41,13,26,25,19,24,41,27.25,29,19,30,12,22.5,2,2,12,2,4.5,10,8,17,5,10,29,7,43,9,22,26,19,35,35,28.75,40,33,36,38,36.75,26,15,25,24,22.5,23,11,13,14,15.25,24,13,22,5,16,20,35,10,6,17.75,19,16,24,19,19.5,17,10,19,19,16.25,13,14,28,25,20,12,9,9,4,8.5,18,13,22,37,22.5,53,58,80,67,64.5,19,18,22,21,20,6,3,6,5,5,12,1,13,0,6.5,24,19,21,19,20.75,19,15,29,20,20.75,11,8,17,15,12.75,30,39,36,13,29.5,2,2,3,0,1.75,12,12,18,25,16.75,10,7,7,0,6,97,13,37,74,55.25,49,66,50,44,52.25,11,33,31,7,20.5,36,40,87,0,40.75,2,4,4,1,2.75,19,6,74,0,24.75,64,51,76,0,47.75,78,63,69,64,68.5,21,22,25,31,24.75,29,35,29,17,27.5,30,18,33,20,25.25,10,19,10,21,15
2021-09,43,28,41,8,30,18,5,23,0,11.5,46,28,60,16,37.5,25,22,43,17,26.75,20,12,14,12,14.5,86,64,84,97,82.75,2,1,5,0,2,30,9,52,30,30.25,23,16,13,0,13,42,32,47,43,41,21,13,19,30,20.75,24,14,22,7,16.75,2,1,12,3,4.5,8,7,18,2,8.75,17,5,28,29,19.75,21,14,28,37,25,49,33,62,48,48,25,21,26,25,24.25,29,11,15,21,19,22,14,21,6,15.75,31,48,19,8,26.5,18,13,24,17,18,23,11,27,24,21.25,7,6,20,9,10.5,12,9,10,4,8.75,18,11,17,23,17.25,49,49,88,62,62,20,21,22,22,21.25,5,3,7,4,4.75,9,1,11,0,5.25,38,18,22,38,29,2,3,5,0,2.5,11,8,17,13,12.25,28,40,38,14,30,1,1,3,0,1.25,13,7,14,14,12,7,5,8,0,5,11,3,19,12,11.25,44,59,54,10,41.75,10,29,29,11,19.75,29,36,57,0,30.5,1,3,4,<1,2.666666667,42,5,0,0,11.75,45,34,60,0,34.75,59,48,58,69,58.5,33,27,36,37,33.25,85,46,98,68,74.25,19,13,23,16,17.75,9,16,11,17,13.25
2021-10,29,17,32,9,21.75,18,4,27,0,12.25,32,16,35,8,22.75,22,18,38,17,23.75,16,8,12,11,11.75,57,66,60,12,48.75,2,1,5,0,2,14,5,26,9,13.5,12,9,17,0,9.5,54,36,54,33,44.25,20,11,23,11,16.25,23,14,23,7,16.75,1,1,11,3,4,8,7,16,3,8.5,16,4,24,10,13.5,16,11,23,30,20,37,32,37,38,36,15,14,21,20,17.5,33,11,14,25,20.75,23,14,21,5,15.75,22,63,11,8,26,17,12,22,18,17.25,18,9,19,19,16.25,6,5,18,10,9.75,12,10,10,5,9.25,15,9,15,12,12.75,31,38,61,39,42.25,16,15,20,25,19,5,2,6,4,4.25,7,1,9,0,4.25,21,18,18,23,20,11,4,4,12,7.75,9,8,15,11,10.75,30,47,42,16,33.75,6,1,3,0,2.5,10,7,16,19,13,4,3,5,0,3,8,2,14,11,8.75,38,62,43,31,43.5,8,24,25,7,16,30,34,21,0,21.25,1,3,4,<1,2.666666667,15,4,16,0,8.75,32,31,51,0,28.5,51,31,47,0,32.25,25,23,29,40,29.25,30,28,42,59,39.75,16,12,22,14,16,6,11,10,15,10.5
2021-11,29,16,34,13,23,22,5,26,0,13.25,24,14,33,14,21.25,23,18,38,13,23,19,8,13,16,14,55,66,51,35,51.75,2,1,6,0,2.25,13,4,22,13,13,12,7,16,0,8.75,63,42,72,53,57.5,19,11,22,11,15.75,23,15,23,7,17,1,1,12,1,3.75,8,7,16,2,8.25,16,5,24,31,19,21,12,27,22,20.5,33,28,32,35,32,21,14,25,28,22,27,10,13,19,17.25,75,41,50,18,46,35,46,17,10,27,17,12,22,15,16.5,31,10,22,30,23.25,8,7,19,6,10,13,9,10,5,9.25,17,10,18,19,16,31,29,58,54,43,25,25,28,38,29,4,2,7,3,4,7,1,10,0,4.5,19,17,18,14,17,10,4,11,0,6.25,9,8,14,10,10.25,29,45,40,13,31.75,6,1,0,0,1.75,9,8,15,26,14.5,6,4,4,0,3.5,11,3,16,13,10.75,43,60,55,41,49.75,8,19,25,8,15,31,33,11,0,18.75,1,3,4,1,2.25,51,7,16,0,18.5,34,24,57,35,37.5,51,37,51,0,34.75,27,26,30,31,28.5,27,27,28,26,27,16,11,22,12,15.25,8,13,11,15,11.75
2021-12,31,16,36,11,23.5,26,5,26,0,14.25,22,13,36,9,20,28,22,47,19,29,15,8,12,12,11.75,78,100,66,24,67,2,<1,7,0,3,16,5,33,22,19,10,7,15,12,11,51,33,64,32,45,28,15,26,11,20,27,17,25,14,20.75,2,1,11,2,4,8,7,15,2,8,16,4,24,0,11,17,10,26,20,18.25,42,27,45,46,40,16,11,21,25,18.25,23,9,13,18,15.75,36,20,27,7,22.5,26,40,15,11,23,17,12,22,17,17,19,12,18,35,21,7,8,21,10,11.5,13,9,10,5,9.25,15,11,16,19,15.25,52,30,64,76,55.5,100,100,100,100,100,4,2,6,4,4,7,1,9,27,11,25,21,20,18,21,10,4,7,0,5.25,10,8,14,11,10.75,28,42,38,14,30.5,58,2,6,0,16.5,11,7,16,49,20.75,4,4,1,0,2.25,56,10,38,49,38.25,45,58,54,11,42,9,19,26,4,14.5,34,42,23,0,24.75,1,3,4,1,2.25,43,4,51,0,24.5,35,26,58,18,34.25,57,44,57,0,39.5,100,100,100,100,100,22,23,23,40,27,15,10,22,13,15,6,9,9,12,9
,,,,,,,,,,,,,,,,,,,,,,,,,,,,,,,,,,,,,,,,,,,,,,,,,,,,,,,,,,,,,,,,,,,,,,,,,,,,,,,,,,,,,,,,,,,,,,,,,,,,,,,,,,,,,,,,,,,,,,,,,,,,,,,,,,,,,,,,,,,,,,,,,,,,,,,,,,,,,,,,,,,,,,,,,,,,,,,,,,,,,,,,,,,,,,,,,,,,,,,,,,,,,,,,,,,,,,,,,,,,,,,,,,,,,,,,,,,,,,,,,,,,,
,,,,,,,,,,,,,,,,,,,,,,,,,,,,,,,,,,,,,,,,,,,,,,,,,,,,,,,,,,,,,,,,,,,,,,,,,,,,,,,,,,,,,,,,,,,,,,,,,,,,,,,,,,,,,,,,,,,,,,,,,,,,,,,,,,,,,,,,,,,,,,,,,,,,,,,,,,,,,,,,,,,,,,,,,,,,,,,,,,,,,,,,,,,,,,,,,,,,,,,,,,,,,,,,,,,,,,,,,,,,,,,,,,,,,,,,,,,,,,,,,,,,,
,,,,,,,,,,,,,,,,,,,,,,,,,,,,,,,,,,,,,,,,,,,,,,,,,,,,,,,,,,,,,,,,,,,,,,,,,,,,,,,,,,,,,,,,,,,,,,,,,,,,,,,,,,,,,,,,,,,,,,,,,,,,,,,,,,,,,,,,,,,,,,,,,,,,,,,,,,,,,,,,,,,,,,,,,,,,,,,,,,,,,,,,,,,,,,,,,,,,,,,,,,,,,,,,,,,,,,,,,,,,,,,,,,,,,,,,,,,,,,,,,,,,,
,,,,,,,,,,,,,,,,,,,,,,,,,,,,,,,,,,,,,,,,,,,,,,,,,,,,,,,,,,,,,,,,,,,,,,,,,,,,,,,,,,,,,,,,,,,,,,,,,,,,,,,,,,,,,,,,,,,,,,,,,,,,,,,,,,,,,,,,,,,,,,,,,,,,,,,,,,,,,,,,,,,,,,,,,,,,,,,,,,,,,,,,,,,,,,,,,,,,,,,,,,,,,,,,,,,,,,,,,,,,,,,,,,,,,,,,,,,,,,,,,,,,,
,,,,,,,,,,,,,,,,,,,,,,,,,,,,,,,,,,,,,,,,,,,,,,,,,,,,,,,,,,,,,,,,,,,,,,,,,,,,,,,,,,,,,,,,,,,,,,,,,,,,,,,,,,,,,,,,,,,,,,,,,,,,,,,,,,,,,,,,,,,,,,,,,,,,,,,,,,,,,,,,,,,,,,,,,,,,,,,,,,,,,,,,,,,,,,,,,,,,,,,,,,,,,,,,,,,,,,,,,,,,,,,,,,,,,,,,,,,,,,,,,,,,,
,,,,,,,,,,,,,,,,,,,,,,,,,,,,,,,,,,,,,,,,,,,,,,,,,,,,,,,,,,,,,,,,,,,,,,,,,,,,,,,,,,,,,,,,,,,,,,,,,,,,,,,,,,,,,,,,,,,,,,,,,,,,,,,,,,,,,,,,,,,,,,,,,,,,,,,,,,,,,,,,,,,,,,,,,,,,,,,,,,,,,,,,,,,,,,,,,,,,,,,,,,,,,,,,,,,,,,,,,,,,,,,,,,,,,,,,,,,,,,,,,,,,,
,,,,,,,,,,,,,,,,,,,,,,,,,,,,,,,,,,,,,,,,,,,,,,,,,,,,,,,,,,,,,,,,,,,,,,,,,,,,,,,,,,,,,,,,,,,,,,,,,,,,,,,,,,,,,,,,,,,,,,,,,,,,,,,,,,,,,,,,,,,,,,,,,,,,,,,,,,,,,,,,,,,,,,,,,,,,,,,,,,,,,,,,,,,,,,,,,,,,,,,,,,,,,,,,,,,,,,,,,,,,,,,,,,,,,,,,,,,,,,,,,,,,,
,,,,,,,,,,,,,,,,,,,,,,,,,,,,,,,,,,,,,,,,,,,,,,,,,,,,,,,,,,,,,,,,,,,,,,,,,,,,,,,,,,,,,,,,,,,,,,,,,,,,,,,,,,,,,,,,,,,,,,,,,,,,,,,,,,,,,,,,,,,,,,,,,,,,,,,,,,,,,,,,,,,,,,,,,,,,,,,,,,,,,,,,,,,,,,,,,,,,,,,,,,,,,,,,,,,,,,,,,,,,,,,,,,,,,,,,,,,,,,,,,,,,,
,,,,,,,,,,,,,,,,,,,,,,,,,,,,,,,,,,,,,,,,,,,,,,,,,,,,,,,,,,,,,,,,,,,,,,,,,,,,,,,,,,,,,,,,,,,,,,,,,,,,,,,,,,,,,,,,,,,,,,,,,,,,,,,,,,,,,,,,,,,,,,,,,,,,,,,,,,,,,,,,,,,,,,,,,,,,,,,,,,,,,,,,,,,,,,,,,,,,,,,,,,,,,,,,,,,,,,,,,,,,,,,,,,,,,,,,,,,,,,,,,,,,,
,,,,,,,,,,,,,,,,,,,,,,,,,,,,,,,,,,,,,,,,,,,,,,,,,,,,,,,,,,,,,,,,,,,,,,,,,,,,,,,,,,,,,,,,,,,,,,,,,,,,,,,,,,,,,,,,,,,,,,,,,,,,,,,,,,,,,,,,,,,,,,,,,,,,,,,,,,,,,,,,,,,,,,,,,,,,,,,,,,,,,,,,,,,,,,,,,,,,,,,,,,,,,,,,,,,,,,,,,,,,,,,,,,,,,,,,,,,,,,,,,,,,,
,,,,,,,,,,,,,,,,,,,,,,,,,,,,,,,,,,,,,,,,,,,,,,,,,,,,,,,,,,,,,,,,,,,,,,,,,,,,,,,,,,,,,,,,,,,,,,,,,,,,,,,,,,,,,,,,,,,,,,,,,,,,,,,,,,,,,,,,,,,,,,,,,,,,,,,,,,,,,,,,,,,,,,,,,,,,,,,,,,,,,,,,,,,,,,,,,,,,,,,,,,,,,,,,,,,,,,,,,,,,,,,,,,,,,,,,,,,,,,,,,,,,,
,,,,,,,,,,,,,,,,,,,,,,,,,,,,,,,,,,,,,,,,,,,,,,,,,,,,,,,,,,,,,,,,,,,,,,,,,,,,,,,,,,,,,,,,,,,,,,,,,,,,,,,,,,,,,,,,,,,,,,,,,,,,,,,,,,,,,,,,,,,,,,,,,,,,,,,,,,,,,,,,,,,,,,,,,,,,,,,,,,,,,,,,,,,,,,,,,,,,,,,,,,,,,,,,,,,,,,,,,,,,,,,,,,,,,,,,,,,,,,,,,,,,,
,,,,,,,,,,,,,,,,,,,,,,,,,,,,,,,,,,,,,,,,,,,,,,,,,,,,,,,,,,,,,,,,,,,,,,,,,,,,,,,,,,,,,,,,,,,,,,,,,,,,,,,,,,,,,,,,,,,,,,,,,,,,,,,,,,,,,,,,,,,,,,,,,,,,,,,,,,,,,,,,,,,,,,,,,,,,,,,,,,,,,,,,,,,,,,,,,,,,,,,,,,,,,,,,,,,,,,,,,,,,,,,,,,,,,,,,,,,,,,,,,,,,,
,,,,,,,,,,,,,,,,,,,,,,,,,,,,,,,,,,,,,,,,,,,,,,,,,,,,,,,,,,,,,,,,,,,,,,,,,,,,,,,,,,,,,,,,,,,,,,,,,,,,,,,,,,,,,,,,,,,,,,,,,,,,,,,,,,,,,,,,,,,,,,,,,,,,,,,,,,,,,,,,,,,,,,,,,,,,,,,,,,,,,,,,,,,,,,,,,,,,,,,,,,,,,,,,,,,,,,,,,,,,,,,,,,,,,,,,,,,,,,,,,,,,,
,,,,,,,,,,,,,,,,,,,,,,,,,,,,,,,,,,,,,,,,,,,,,,,,,,,,,,,,,,,,,,,,,,,,,,,,,,,,,,,,,,,,,,,,,,,,,,,,,,,,,,,,,,,,,,,,,,,,,,,,,,,,,,,,,,,,,,,,,,,,,,,,,,,,,,,,,,,,,,,,,,,,,,,,,,,,,,,,,,,,,,,,,,,,,,,,,,,,,,,,,,,,,,,,,,,,,,,,,,,,,,,,,,,,,,,,,,,,,,,,,,,,,
,,,,,,,,,,,,,,,,,,,,,,,,,,,,,,,,,,,,,,,,,,,,,,,,,,,,,,,,,,,,,,,,,,,,,,,,,,,,,,,,,,,,,,,,,,,,,,,,,,,,,,,,,,,,,,,,,,,,,,,,,,,,,,,,,,,,,,,,,,,,,,,,,,,,,,,,,,,,,,,,,,,,,,,,,,,,,,,,,,,,,,,,,,,,,,,,,,,,,,,,,,,,,,,,,,,,,,,,,,,,,,,,,,,,,,,,,,,,,,,,,,,,,
,,,,,,,,,,,,,,,,,,,,,,,,,,,,,,,,,,,,,,,,,,,,,,,,,,,,,,,,,,,,,,,,,,,,,,,,,,,,,,,,,,,,,,,,,,,,,,,,,,,,,,,,,,,,,,,,,,,,,,,,,,,,,,,,,,,,,,,,,,,,,,,,,,,,,,,,,,,,,,,,,,,,,,,,,,,,,,,,,,,,,,,,,,,,,,,,,,,,,,,,,,,,,,,,,,,,,,,,,,,,,,,,,,,,,,,,,,,,,,,,,,,,,
,,,,,,,,,,,,,,,,,,,,,,,,,,,,,,,,,,,,,,,,,,,,,,,,,,,,,,,,,,,,,,,,,,,,,,,,,,,,,,,,,,,,,,,,,,,,,,,,,,,,,,,,,,,,,,,,,,,,,,,,,,,,,,,,,,,,,,,,,,,,,,,,,,,,,,,,,,,,,,,,,,,,,,,,,,,,,,,,,,,,,,,,,,,,,,,,,,,,,,,,,,,,,,,,,,,,,,,,,,,,,,,,,,,,,,,,,,,,,,,,,,,,,
,,,,,,,,,,,,,,,,,,,,,,,,,,,,,,,,,,,,,,,,,,,,,,,,,,,,,,,,,,,,,,,,,,,,,,,,,,,,,,,,,,,,,,,,,,,,,,,,,,,,,,,,,,,,,,,,,,,,,,,,,,,,,,,,,,,,,,,,,,,,,,,,,,,,,,,,,,,,,,,,,,,,,,,,,,,,,,,,,,,,,,,,,,,,,,,,,,,,,,,,,,,,,,,,,,,,,,,,,,,,,,,,,,,,,,,,,,,,,,,,,,,,,
,,,,,,,,,,,,,,,,,,,,,,,,,,,,,,,,,,,,,,,,,,,,,,,,,,,,,,,,,,,,,,,,,,,,,,,,,,,,,,,,,,,,,,,,,,,,,,,,,,,,,,,,,,,,,,,,,,,,,,,,,,,,,,,,,,,,,,,,,,,,,,,,,,,,,,,,,,,,,,,,,,,,,,,,,,,,,,,,,,,,,,,,,,,,,,,,,,,,,,,,,,,,,,,,,,,,,,,,,,,,,,,,,,,,,,,,,,,,,,,,,,,,,
,,,,,,,,,,,,,,,,,,,,,,,,,,,,,,,,,,,,,,,,,,,,,,,,,,,,,,,,,,,,,,,,,,,,,,,,,,,,,,,,,,,,,,,,,,,,,,,,,,,,,,,,,,,,,,,,,,,,,,,,,,,,,,,,,,,,,,,,,,,,,,,,,,,,,,,,,,,,,,,,,,,,,,,,,,,,,,,,,,,,,,,,,,,,,,,,,,,,,,,,,,,,,,,,,,,,,,,,,,,,,,,,,,,,,,,,,,,,,,,,,,,,,
,,,,,,,,,,,,,,,,,,,,,,,,,,,,,,,,,,,,,,,,,,,,,,,,,,,,,,,,,,,,,,,,,,,,,,,,,,,,,,,,,,,,,,,,,,,,,,,,,,,,,,,,,,,,,,,,,,,,,,,,,,,,,,,,,,,,,,,,,,,,,,,,,,,,,,,,,,,,,,,,,,,,,,,,,,,,,,,,,,,,,,,,,,,,,,,,,,,,,,,,,,,,,,,,,,,,,,,,,,,,,,,,,,,,,,,,,,,,,,,,,,,,,
,,,,,,,,,,,,,,,,,,,,,,,,,,,,,,,,,,,,,,,,,,,,,,,,,,,,,,,,,,,,,,,,,,,,,,,,,,,,,,,,,,,,,,,,,,,,,,,,,,,,,,,,,,,,,,,,,,,,,,,,,,,,,,,,,,,,,,,,,,,,,,,,,,,,,,,,,,,,,,,,,,,,,,,,,,,,,,,,,,,,,,,,,,,,,,,,,,,,,,,,,,,,,,,,,,,,,,,,,,,,,,,,,,,,,,,,,,,,,,,,,,,,,
,,,,,,,,,,,,,,,,,,,,,,,,,,,,,,,,,,,,,,,,,,,,,,,,,,,,,,,,,,,,,,,,,,,,,,,,,,,,,,,,,,,,,,,,,,,,,,,,,,,,,,,,,,,,,,,,,,,,,,,,,,,,,,,,,,,,,,,,,,,,,,,,,,,,,,,,,,,,,,,,,,,,,,,,,,,,,,,,,,,,,,,,,,,,,,,,,,,,,,,,,,,,,,,,,,,,,,,,,,,,,,,,,,,,,,,,,,,,,,,,,,,,,
,,,,,,,,,,,,,,,,,,,,,,,,,,,,,,,,,,,,,,,,,,,,,,,,,,,,,,,,,,,,,,,,,,,,,,,,,,,,,,,,,,,,,,,,,,,,,,,,,,,,,,,,,,,,,,,,,,,,,,,,,,,,,,,,,,,,,,,,,,,,,,,,,,,,,,,,,,,,,,,,,,,,,,,,,,,,,,,,,,,,,,,,,,,,,,,,,,,,,,,,,,,,,,,,,,,,,,,,,,,,,,,,,,,,,,,,,,,,,,,,,,,,,
,,,,,,,,,,,,,,,,,,,,,,,,,,,,,,,,,,,,,,,,,,,,,,,,,,,,,,,,,,,,,,,,,,,,,,,,,,,,,,,,,,,,,,,,,,,,,,,,,,,,,,,,,,,,,,,,,,,,,,,,,,,,,,,,,,,,,,,,,,,,,,,,,,,,,,,,,,,,,,,,,,,,,,,,,,,,,,,,,,,,,,,,,,,,,,,,,,,,,,,,,,,,,,,,,,,,,,,,,,,,,,,,,,,,,,,,,,,,,,,,,,,,,
,,,,,,,,,,,,,,,,,,,,,,,,,,,,,,,,,,,,,,,,,,,,,,,,,,,,,,,,,,,,,,,,,,,,,,,,,,,,,,,,,,,,,,,,,,,,,,,,,,,,,,,,,,,,,,,,,,,,,,,,,,,,,,,,,,,,,,,,,,,,,,,,,,,,,,,,,,,,,,,,,,,,,,,,,,,,,,,,,,,,,,,,,,,,,,,,,,,,,,,,,,,,,,,,,,,,,,,,,,,,,,,,,,,,,,,,,,,,,,,,,,,,,
,,,,,,,,,,,,,,,,,,,,,,,,,,,,,,,,,,,,,,,,,,,,,,,,,,,,,,,,,,,,,,,,,,,,,,,,,,,,,,,,,,,,,,,,,,,,,,,,,,,,,,,,,,,,,,,,,,,,,,,,,,,,,,,,,,,,,,,,,,,,,,,,,,,,,,,,,,,,,,,,,,,,,,,,,,,,,,,,,,,,,,,,,,,,,,,,,,,,,,,,,,,,,,,,,,,,,,,,,,,,,,,,,,,,,,,,,,,,,,,,,,,,,
,,,,,,,,,,,,,,,,,,,,,,,,,,,,,,,,,,,,,,,,,,,,,,,,,,,,,,,,,,,,,,,,,,,,,,,,,,,,,,,,,,,,,,,,,,,,,,,,,,,,,,,,,,,,,,,,,,,,,,,,,,,,,,,,,,,,,,,,,,,,,,,,,,,,,,,,,,,,,,,,,,,,,,,,,,,,,,,,,,,,,,,,,,,,,,,,,,,,,,,,,,,,,,,,,,,,,,,,,,,,,,,,,,,,,,,,,,,,,,,,,,,,,
,,,,,,,,,,,,,,,,,,,,,,,,,,,,,,,,,,,,,,,,,,,,,,,,,,,,,,,,,,,,,,,,,,,,,,,,,,,,,,,,,,,,,,,,,,,,,,,,,,,,,,,,,,,,,,,,,,,,,,,,,,,,,,,,,,,,,,,,,,,,,,,,,,,,,,,,,,,,,,,,,,,,,,,,,,,,,,,,,,,,,,,,,,,,,,,,,,,,,,,,,,,,,,,,,,,,,,,,,,,,,,,,,,,,,,,,,,,,,,,,,,,,,
,,,,,,,,,,,,,,,,,,,,,,,,,,,,,,,,,,,,,,,,,,,,,,,,,,,,,,,,,,,,,,,,,,,,,,,,,,,,,,,,,,,,,,,,,,,,,,,,,,,,,,,,,,,,,,,,,,,,,,,,,,,,,,,,,,,,,,,,,,,,,,,,,,,,,,,,,,,,,,,,,,,,,,,,,,,,,,,,,,,,,,,,,,,,,,,,,,,,,,,,,,,,,,,,,,,,,,,,,,,,,,,,,,,,,,,,,,,,,,,,,,,,,
,,,,,,,,,,,,,,,,,,,,,,,,,,,,,,,,,,,,,,,,,,,,,,,,,,,,,,,,,,,,,,,,,,,,,,,,,,,,,,,,,,,,,,,,,,,,,,,,,,,,,,,,,,,,,,,,,,,,,,,,,,,,,,,,,,,,,,,,,,,,,,,,,,,,,,,,,,,,,,,,,,,,,,,,,,,,,,,,,,,,,,,,,,,,,,,,,,,,,,,,,,,,,,,,,,,,,,,,,,,,,,,,,,,,,,,,,,,,,,,,,,,,,
,,,,,,,,,,,,,,,,,,,,,,,,,,,,,,,,,,,,,,,,,,,,,,,,,,,,,,,,,,,,,,,,,,,,,,,,,,,,,,,,,,,,,,,,,,,,,,,,,,,,,,,,,,,,,,,,,,,,,,,,,,,,,,,,,,,,,,,,,,,,,,,,,,,,,,,,,,,,,,,,,,,,,,,,,,,,,,,,,,,,,,,,,,,,,,,,,,,,,,,,,,,,,,,,,,,,,,,,,,,,,,,,,,,,,,,,,,,,,,,,,,,,,
,,,,,,,,,,,,,,,,,,,,,,,,,,,,,,,,,,,,,,,,,,,,,,,,,,,,,,,,,,,,,,,,,,,,,,,,,,,,,,,,,,,,,,,,,,,,,,,,,,,,,,,,,,,,,,,,,,,,,,,,,,,,,,,,,,,,,,,,,,,,,,,,,,,,,,,,,,,,,,,,,,,,,,,,,,,,,,,,,,,,,,,,,,,,,,,,,,,,,,,,,,,,,,,,,,,,,,,,,,,,,,,,,,,,,,,,,,,,,,,,,,,,,
,,,,,,,,,,,,,,,,,,,,,,,,,,,,,,,,,,,,,,,,,,,,,,,,,,,,,,,,,,,,,,,,,,,,,,,,,,,,,,,,,,,,,,,,,,,,,,,,,,,,,,,,,,,,,,,,,,,,,,,,,,,,,,,,,,,,,,,,,,,,,,,,,,,,,,,,,,,,,,,,,,,,,,,,,,,,,,,,,,,,,,,,,,,,,,,,,,,,,,,,,,,,,,,,,,,,,,,,,,,,,,,,,,,,,,,,,,,,,,,,,,,,,
,,,,,,,,,,,,,,,,,,,,,,,,,,,,,,,,,,,,,,,,,,,,,,,,,,,,,,,,,,,,,,,,,,,,,,,,,,,,,,,,,,,,,,,,,,,,,,,,,,,,,,,,,,,,,,,,,,,,,,,,,,,,,,,,,,,,,,,,,,,,,,,,,,,,,,,,,,,,,,,,,,,,,,,,,,,,,,,,,,,,,,,,,,,,,,,,,,,,,,,,,,,,,,,,,,,,,,,,,,,,,,,,,,,,,,,,,,,,,,,,,,,,,
,,,,,,,,,,,,,,,,,,,,,,,,,,,,,,,,,,,,,,,,,,,,,,,,,,,,,,,,,,,,,,,,,,,,,,,,,,,,,,,,,,,,,,,,,,,,,,,,,,,,,,,,,,,,,,,,,,,,,,,,,,,,,,,,,,,,,,,,,,,,,,,,,,,,,,,,,,,,,,,,,,,,,,,,,,,,,,,,,,,,,,,,,,,,,,,,,,,,,,,,,,,,,,,,,,,,,,,,,,,,,,,,,,,,,,,,,,,,,,,,,,,,,
,,,,,,,,,,,,,,,,,,,,,,,,,,,,,,,,,,,,,,,,,,,,,,,,,,,,,,,,,,,,,,,,,,,,,,,,,,,,,,,,,,,,,,,,,,,,,,,,,,,,,,,,,,,,,,,,,,,,,,,,,,,,,,,,,,,,,,,,,,,,,,,,,,,,,,,,,,,,,,,,,,,,,,,,,,,,,,,,,,,,,,,,,,,,,,,,,,,,,,,,,,,,,,,,,,,,,,,,,,,,,,,,,,,,,,,,,,,,,,,,,,,,,
,,,,,,,,,,,,,,,,,,,,,,,,,,,,,,,,,,,,,,,,,,,,,,,,,,,,,,,,,,,,,,,,,,,,,,,,,,,,,,,,,,,,,,,,,,,,,,,,,,,,,,,,,,,,,,,,,,,,,,,,,,,,,,,,,,,,,,,,,,,,,,,,,,,,,,,,,,,,,,,,,,,,,,,,,,,,,,,,,,,,,,,,,,,,,,,,,,,,,,,,,,,,,,,,,,,,,,,,,,,,,,,,,,,,,,,,,,,,,,,,,,,,,
,,,,,,,,,,,,,,,,,,,,,,,,,,,,,,,,,,,,,,,,,,,,,,,,,,,,,,,,,,,,,,,,,,,,,,,,,,,,,,,,,,,,,,,,,,,,,,,,,,,,,,,,,,,,,,,,,,,,,,,,,,,,,,,,,,,,,,,,,,,,,,,,,,,,,,,,,,,,,,,,,,,,,,,,,,,,,,,,,,,,,,,,,,,,,,,,,,,,,,,,,,,,,,,,,,,,,,,,,,,,,,,,,,,,,,,,,,,,,,,,,,,,,
,,,,,,,,,,,,,,,,,,,,,,,,,,,,,,,,,,,,,,,,,,,,,,,,,,,,,,,,,,,,,,,,,,,,,,,,,,,,,,,,,,,,,,,,,,,,,,,,,,,,,,,,,,,,,,,,,,,,,,,,,,,,,,,,,,,,,,,,,,,,,,,,,,,,,,,,,,,,,,,,,,,,,,,,,,,,,,,,,,,,,,,,,,,,,,,,,,,,,,,,,,,,,,,,,,,,,,,,,,,,,,,,,,,,,,,,,,,,,,,,,,,,,
,,,,,,,,,,,,,,,,,,,,,,,,,,,,,,,,,,,,,,,,,,,,,,,,,,,,,,,,,,,,,,,,,,,,,,,,,,,,,,,,,,,,,,,,,,,,,,,,,,,,,,,,,,,,,,,,,,,,,,,,,,,,,,,,,,,,,,,,,,,,,,,,,,,,,,,,,,,,,,,,,,,,,,,,,,,,,,,,,,,,,,,,,,,,,,,,,,,,,,,,,,,,,,,,,,,,,,,,,,,,,,,,,,,,,,,,,,,,,,,,,,,,,
,,,,,,,,,,,,,,,,,,,,,,,,,,,,,,,,,,,,,,,,,,,,,,,,,,,,,,,,,,,,,,,,,,,,,,,,,,,,,,,,,,,,,,,,,,,,,,,,,,,,,,,,,,,,,,,,,,,,,,,,,,,,,,,,,,,,,,,,,,,,,,,,,,,,,,,,,,,,,,,,,,,,,,,,,,,,,,,,,,,,,,,,,,,,,,,,,,,,,,,,,,,,,,,,,,,,,,,,,,,,,,,,,,,,,,,,,,,,,,,,,,,,,
,,,,,,,,,,,,,,,,,,,,,,,,,,,,,,,,,,,,,,,,,,,,,,,,,,,,,,,,,,,,,,,,,,,,,,,,,,,,,,,,,,,,,,,,,,,,,,,,,,,,,,,,,,,,,,,,,,,,,,,,,,,,,,,,,,,,,,,,,,,,,,,,,,,,,,,,,,,,,,,,,,,,,,,,,,,,,,,,,,,,,,,,,,,,,,,,,,,,,,,,,,,,,,,,,,,,,,,,,,,,,,,,,,,,,,,,,,,,,,,,,,,,,
,,,,,,,,,,,,,,,,,,,,,,,,,,,,,,,,,,,,,,,,,,,,,,,,,,,,,,,,,,,,,,,,,,,,,,,,,,,,,,,,,,,,,,,,,,,,,,,,,,,,,,,,,,,,,,,,,,,,,,,,,,,,,,,,,,,,,,,,,,,,,,,,,,,,,,,,,,,,,,,,,,,,,,,,,,,,,,,,,,,,,,,,,,,,,,,,,,,,,,,,,,,,,,,,,,,,,,,,,,,,,,,,,,,,,,,,,,,,,,,,,,,,,
,,,,,,,,,,,,,,,,,,,,,,,,,,,,,,,,,,,,,,,,,,,,,,,,,,,,,,,,,,,,,,,,,,,,,,,,,,,,,,,,,,,,,,,,,,,,,,,,,,,,,,,,,,,,,,,,,,,,,,,,,,,,,,,,,,,,,,,,,,,,,,,,,,,,,,,,,,,,,,,,,,,,,,,,,,,,,,,,,,,,,,,,,,,,,,,,,,,,,,,,,,,,,,,,,,,,,,,,,,,,,,,,,,,,,,,,,,,,,,,,,,,,,
,,,,,,,,,,,,,,,,,,,,,,,,,,,,,,,,,,,,,,,,,,,,,,,,,,,,,,,,,,,,,,,,,,,,,,,,,,,,,,,,,,,,,,,,,,,,,,,,,,,,,,,,,,,,,,,,,,,,,,,,,,,,,,,,,,,,,,,,,,,,,,,,,,,,,,,,,,,,,,,,,,,,,,,,,,,,,,,,,,,,,,,,,,,,,,,,,,,,,,,,,,,,,,,,,,,,,,,,,,,,,,,,,,,,,,,,,,,,,,,,,,,,,
,,,,,,,,,,,,,,,,,,,,,,,,,,,,,,,,,,,,,,,,,,,,,,,,,,,,,,,,,,,,,,,,,,,,,,,,,,,,,,,,,,,,,,,,,,,,,,,,,,,,,,,,,,,,,,,,,,,,,,,,,,,,,,,,,,,,,,,,,,,,,,,,,,,,,,,,,,,,,,,,,,,,,,,,,,,,,,,,,,,,,,,,,,,,,,,,,,,,,,,,,,,,,,,,,,,,,,,,,,,,,,,,,,,,,,,,,,,,,,,,,,,,,
,,,,,,,,,,,,,,,,,,,,,,,,,,,,,,,,,,,,,,,,,,,,,,,,,,,,,,,,,,,,,,,,,,,,,,,,,,,,,,,,,,,,,,,,,,,,,,,,,,,,,,,,,,,,,,,,,,,,,,,,,,,,,,,,,,,,,,,,,,,,,,,,,,,,,,,,,,,,,,,,,,,,,,,,,,,,,,,,,,,,,,,,,,,,,,,,,,,,,,,,,,,,,,,,,,,,,,,,,,,,,,,,,,,,,,,,,,,,,,,,,,,,,
